Region,Date,Frequency,Estimated Unemployment Rate (%),Estimated Employed,Estimated Labour Participation Rate (%),Area,Period,IQR_Q1,IQR_Q3,IQR,IQR_Lower_Bound,IQR_Upper_Bound,IQR_Flag,Rolling_Mean_Prior_3,Rolling_SD_Prior_3,Rolling_Z,Rolling_Z_Flag,Anomaly_Flag,Anomaly_Category
Andhra Pradesh,2019-05-31,Monthly,3.65,11999139.0,43.24,Rural,Pre-COVID,3.5525,5.0875,1.5350000000000001,1.25,7.390000000000001,False,,,,False,False,Normal
Andhra Pradesh,2019-06-30,Monthly,3.05,11755881.0,42.05,Rural,Pre-COVID,3.5525,5.0875,1.5350000000000001,1.25,7.390000000000001,False,,,,False,False,Normal
Andhra Pradesh,2019-07-31,Monthly,3.75,12086707.0,43.5,Rural,Pre-COVID,3.5525,5.0875,1.5350000000000001,1.25,7.390000000000001,False,3.3499999999999996,0.4242640687119284,0.9428090415820645,False,False,Normal
Andhra Pradesh,2019-08-31,Monthly,3.32,12285693.0,43.97,Rural,Pre-COVID,3.5525,5.0875,1.5350000000000001,1.25,7.390000000000001,False,3.483333333333333,0.37859388972001834,-0.43142094409955495,False,False,Normal
Andhra Pradesh,2019-09-30,Monthly,5.17,12256762.0,44.68,Rural,Pre-COVID,3.5525,5.0875,1.5350000000000001,1.25,7.390000000000001,False,3.373333333333333,0.3530344647953417,5.089210391139052,True,True,Noteworthy / unexplained
Andhra Pradesh,2019-10-31,Monthly,3.52,12017412.0,43.01,Rural,Pre-COVID,3.5525,5.0875,1.5350000000000001,1.25,7.390000000000001,False,4.08,0.9681425514871248,-0.5784272152275578,False,False,Normal
Andhra Pradesh,2019-11-30,Monthly,4.12,11397681.0,41.0,Rural,Pre-COVID,3.5525,5.0875,1.5350000000000001,1.25,7.390000000000001,False,4.003333333333333,1.015299627367869,0.11490860778617801,False,False,Normal
Andhra Pradesh,2019-12-31,Monthly,4.38,12528395.0,45.14,Rural,Pre-COVID,3.5525,5.0875,1.5350000000000001,1.25,7.390000000000001,False,4.2700000000000005,0.8351646544245033,0.13171055481963426,False,False,Normal
Andhra Pradesh,2020-01-31,Monthly,4.84,12016676.0,43.46,Rural,Pre-COVID,3.5525,5.0875,1.5350000000000001,1.25,7.390000000000001,False,4.006666666666667,0.44105933085394955,1.889390553692377,False,False,Normal
Andhra Pradesh,2020-02-29,Monthly,5.91,11723617.0,42.83,Rural,Pre-COVID,3.5525,5.0875,1.5350000000000001,1.25,7.390000000000001,False,4.446666666666666,0.3646002377033423,4.013528193374294,True,True,Noteworthy / unexplained
Andhra Pradesh,2020-03-31,Monthly,4.06,11359660.0,40.66,Rural,COVID,3.5525,5.0875,1.5350000000000001,1.25,7.390000000000001,False,5.043333333333333,0.7850053078376824,-1.252645457954865,False,False,Normal
Andhra Pradesh,2020-04-30,Monthly,16.29,8792827.0,36.03,Rural,COVID,3.5525,5.0875,1.5350000000000001,1.25,7.390000000000001,True,4.9366666666666665,0.9287805625298878,12.223913582351683,True,True,Legitimate COVID extreme event
Andhra Pradesh,2020-05-31,Monthly,14.46,9526902.0,38.16,Rural,COVID,3.5525,5.0875,1.5350000000000001,1.25,7.390000000000001,True,8.753333333333332,6.592164540826733,0.8656741850607672,False,True,Legitimate COVID extreme event
Andhra Pradesh,2020-06-30,Monthly,0.85,15572975.0,53.76,Rural,COVID,3.5525,5.0875,1.5350000000000001,1.25,7.390000000000001,True,11.603333333333333,6.596486438501436,-1.630160758092339,False,True,COVID-period noteworthy anomaly
Andhra Pradesh,2019-05-31,Monthly,6.09,4788661.0,37.45,Urban,Pre-COVID,5.645,7.795,2.1500000000000004,2.419999999999999,11.02,False,,,,False,False,Normal
Andhra Pradesh,2019-06-30,Monthly,3.8,4824630.0,36.76,Urban,Pre-COVID,5.645,7.795,2.1500000000000004,2.419999999999999,11.02,False,,,,False,False,Normal
Andhra Pradesh,2019-07-31,Monthly,5.64,4657443.0,36.1,Urban,Pre-COVID,5.645,7.795,2.1500000000000004,2.419999999999999,11.02,False,4.945,1.6192745289171941,0.4292045527726201,False,False,Normal
Andhra Pradesh,2019-08-31,Monthly,4.61,4743179.0,36.29,Urban,Pre-COVID,5.645,7.795,2.1500000000000004,2.419999999999999,11.02,False,5.176666666666667,1.213273808063676,-0.4670558804620022,False,False,Normal
Andhra Pradesh,2019-09-30,Monthly,6.01,4733996.0,36.69,Urban,Pre-COVID,5.645,7.795,2.1500000000000004,2.419999999999999,11.02,False,4.683333333333334,0.9221894237808922,1.438605380256319,False,False,Normal
Andhra Pradesh,2019-10-31,Monthly,4.7,4774377.0,36.41,Urban,Pre-COVID,5.645,7.795,2.1500000000000004,2.419999999999999,11.02,False,5.419999999999999,0.7254653678846429,-0.9924663972581071,False,False,Normal
Andhra Pradesh,2019-11-30,Monthly,7.54,4668772.0,36.62,Urban,Pre-COVID,5.645,7.795,2.1500000000000004,2.419999999999999,11.02,False,5.1066666666666665,0.7836027905344224,3.1053147879600886,True,True,Noteworthy / unexplained
Andhra Pradesh,2019-12-31,Monthly,7.88,4913963.0,38.61,Urban,Pre-COVID,5.645,7.795,2.1500000000000004,2.419999999999999,11.02,False,6.083333333333333,1.4214194783150162,1.2639946856479534,False,False,Normal
Andhra Pradesh,2020-01-31,Monthly,7.11,4618860.0,35.91,Urban,Pre-COVID,5.645,7.795,2.1500000000000004,2.419999999999999,11.02,False,6.706666666666666,1.746119507173931,0.23098838978445602,False,False,Normal
Andhra Pradesh,2020-02-29,Monthly,5.66,4822035.0,36.84,Urban,Pre-COVID,5.645,7.795,2.1500000000000004,2.419999999999999,11.02,False,7.510000000000001,0.3858756276314912,-4.7942908738634795,True,True,Noteworthy / unexplained
Andhra Pradesh,2020-03-31,Monthly,9.88,4521537.0,36.08,Urban,COVID,5.645,7.795,2.1500000000000004,2.419999999999999,11.02,False,6.883333333333334,1.1272237281628397,2.6584488880043926,False,False,Normal
Andhra Pradesh,2020-04-30,Monthly,32.3,2544084.0,26.97,Urban,COVID,5.645,7.795,2.1500000000000004,2.419999999999999,11.02,True,7.55,2.144131525816455,11.543135158453278,True,True,Legitimate COVID extreme event
Andhra Pradesh,2020-05-31,Monthly,24.91,3428356.0,32.69,Urban,COVID,5.645,7.795,2.1500000000000004,2.419999999999999,11.02,True,15.946666666666665,14.318719682057235,0.6259870667462869,False,True,Legitimate COVID extreme event
Andhra Pradesh,2020-06-30,Monthly,5.86,4954389.0,37.61,Urban,COVID,5.645,7.795,2.1500000000000004,2.419999999999999,11.02,False,22.36333333333333,11.42489533139509,-1.4445063044020128,False,False,Normal
Assam,2019-05-31,Monthly,4.29,11749334.0,57.39,Rural,Pre-COVID,4.1375,4.765000000000001,0.6275000000000004,3.1962499999999996,5.706250000000001,False,,,,False,False,Normal
Assam,2019-06-30,Monthly,5.08,8923222.0,43.87,Rural,Pre-COVID,4.1375,4.765000000000001,0.6275000000000004,3.1962499999999996,5.706250000000001,False,,,,False,False,Normal
Assam,2019-07-31,Monthly,4.26,9911534.0,48.21,Rural,Pre-COVID,4.1375,4.765000000000001,0.6275000000000004,3.1962499999999996,5.706250000000001,False,4.6850000000000005,0.5586143571373723,-0.7608110936817299,False,False,Normal
Assam,2019-08-31,Monthly,5.79,9292039.0,45.83,Rural,Pre-COVID,4.1375,4.765000000000001,0.6275000000000004,3.1962499999999996,5.706250000000001,True,4.543333333333333,0.46500896048714313,2.6809519226482426,False,True,Noteworthy / unexplained
Assam,2019-09-30,Monthly,4.46,11468349.0,55.67,Rural,Pre-COVID,4.1375,4.765000000000001,0.6275000000000004,3.1962499999999996,5.706250000000001,False,5.043333333333334,0.7656587577591814,-0.7618711696585945,False,False,Normal
Assam,2019-10-31,Monthly,4.65,8395906.0,40.76,Rural,Pre-COVID,4.1375,4.765000000000001,0.6275000000000004,3.1962499999999996,5.706250000000001,False,4.836666666666667,0.8316449562964552,-0.22445475710926546,False,False,Normal
Assam,2019-11-30,Monthly,4.66,9625362.0,46.64,Rural,Pre-COVID,4.1375,4.765000000000001,0.6275000000000004,3.1962499999999996,5.706250000000001,False,4.966666666666666,0.7193283904680341,-0.4263235967471432,False,False,Normal
Assam,2020-01-31,Monthly,4.29,11420996.0,54.9,Rural,Pre-COVID,4.1375,4.765000000000001,0.6275000000000004,3.1962499999999996,5.706250000000001,False,4.59,0.11269427669584241,-2.662069528248435,False,False,Normal
Assam,2020-02-29,Monthly,3.26,8462814.0,40.17,Rural,Pre-COVID,4.1375,4.765000000000001,0.6275000000000004,3.1962499999999996,5.706250000000001,False,4.533333333333333,0.2107921567168294,-6.04070546630387,True,True,Noteworthy / unexplained
Assam,2020-03-31,Monthly,3.77,9878742.0,47.05,Rural,COVID,4.1375,4.765000000000001,0.6275000000000004,3.1962499999999996,5.706250000000001,False,4.069999999999999,0.7254653678846418,-0.4135276655242118,False,False,Normal
Assam,2020-05-31,Monthly,9.38,9926176.0,50.0,Rural,COVID,4.1375,4.765000000000001,0.6275000000000004,3.1962499999999996,5.706250000000001,True,3.7733333333333334,0.5150080905513342,10.886560365808107,True,True,Legitimate COVID extreme event
Assam,2020-06-30,Monthly,0.0,7544937.0,34.38,Rural,COVID,4.1375,4.765000000000001,0.6275000000000004,3.1962499999999996,5.706250000000001,True,5.47,3.395747340424491,-1.6108383373764827,False,True,COVID-period noteworthy anomaly
Assam,2019-05-31,Monthly,7.87,1671707.0,44.92,Urban,Pre-COVID,6.5424999999999995,10.25,3.7075000000000005,0.9812499999999984,15.811250000000001,False,,,,False,False,Normal
Assam,2019-06-30,Monthly,9.89,1647342.0,45.17,Urban,Pre-COVID,6.5424999999999995,10.25,3.7075000000000005,0.9812499999999984,15.811250000000001,False,,,,False,False,Normal
Assam,2019-07-31,Monthly,3.21,1739838.0,44.32,Urban,Pre-COVID,6.5424999999999995,10.25,3.7075000000000005,0.9812499999999984,15.811250000000001,False,8.88,1.428355697996826,-3.969599454779926,True,True,Noteworthy / unexplained
Assam,2019-08-31,Monthly,10.39,1595582.0,43.81,Urban,Pre-COVID,6.5424999999999995,10.25,3.7075000000000005,0.9812499999999984,15.811250000000001,False,6.990000000000001,3.4258429619584145,0.9924564662638121,False,False,Normal
Assam,2019-09-30,Monthly,9.26,1576480.0,42.66,Urban,Pre-COVID,6.5424999999999995,10.25,3.7075000000000005,0.9812499999999984,15.811250000000001,False,7.830000000000001,4.008840231288845,0.35671164663508,False,False,Normal
Assam,2019-10-31,Monthly,11.17,1595176.0,44.01,Urban,Pre-COVID,6.5424999999999995,10.25,3.7075000000000005,0.9812499999999984,15.811250000000001,False,7.62,3.860738271367278,0.9195132512162679,False,False,Normal
Assam,2019-11-30,Monthly,6.31,1708045.0,44.59,Urban,Pre-COVID,6.5424999999999995,10.25,3.7075000000000005,0.9812499999999984,15.811250000000001,False,10.273333333333333,0.960329804459558,-4.127054387907671,True,True,Noteworthy / unexplained
Assam,2019-12-31,Monthly,5.02,1722303.0,44.26,Urban,Pre-COVID,6.5424999999999995,10.25,3.7075000000000005,0.9812499999999984,15.811250000000001,False,8.913333333333332,2.4484757163046025,-1.5901049405584478,False,False,Normal
Assam,2020-01-31,Monthly,7.24,1630908.0,42.82,Urban,Pre-COVID,6.5424999999999995,10.25,3.7075000000000005,0.9812499999999984,15.811250000000001,False,7.499999999999999,3.243100368474588,-0.08017019840871946,False,False,Normal
Assam,2020-02-29,Monthly,9.98,1625454.0,43.9,Urban,Pre-COVID,6.5424999999999995,10.25,3.7075000000000005,0.9812499999999984,15.811250000000001,False,6.19,1.1148542505637287,3.3995475176092103,True,True,Noteworthy / unexplained
Assam,2020-03-31,Monthly,10.34,1664145.0,45.03,Urban,COVID,6.5424999999999995,10.25,3.7075000000000005,0.9812499999999984,15.811250000000001,False,7.413333333333334,2.4845388572798264,1.1779516581483047,False,False,Normal
Assam,2020-04-30,Monthly,8.37,1454956.0,38.45,Urban,COVID,6.5424999999999995,10.25,3.7075000000000005,0.9812499999999984,15.811250000000001,False,9.186666666666667,1.6954448777041795,-0.4816828181241289,False,False,Normal
Assam,2020-05-31,Monthly,10.77,1441722.0,39.04,Urban,COVID,6.5424999999999995,10.25,3.7075000000000005,0.9812499999999984,15.811250000000001,False,9.563333333333333,1.0490154113898136,1.1502849753827595,False,False,Normal
Assam,2020-06-30,Monthly,3.42,1551007.0,38.73,Urban,COVID,6.5424999999999995,10.25,3.7075000000000005,0.9812499999999984,15.811250000000001,False,9.826666666666666,1.279700485790851,-5.006379803557992,True,True,COVID-period noteworthy anomaly
Bihar,2019-05-31,Monthly,9.27,24322330.0,39.75,Rural,Pre-COVID,9.747499999999999,14.9025,5.155000000000001,2.014999999999997,22.635,False,,,,False,False,Normal
Bihar,2019-06-30,Monthly,10.2,24097712.0,39.71,Rural,Pre-COVID,9.747499999999999,14.9025,5.155000000000001,2.014999999999997,22.635,False,,,,False,False,Normal
Bihar,2019-07-31,Monthly,13.44,23248875.0,39.66,Rural,Pre-COVID,9.747499999999999,14.9025,5.155000000000001,2.014999999999997,22.635,False,9.735,0.657609306503489,5.6340443533250735,True,True,Noteworthy / unexplained
Bihar,2019-08-31,Monthly,11.0,22260203.0,36.85,Rural,Pre-COVID,9.747499999999999,14.9025,5.155000000000001,2.014999999999997,22.635,False,10.969999999999999,2.1890408858675987,0.013704632103347405,False,False,Normal
Bihar,2019-09-30,Monthly,8.87,23905700.0,38.57,Rural,Pre-COVID,9.747499999999999,14.9025,5.155000000000001,2.014999999999997,22.635,False,11.546666666666667,1.6877598565356788,-1.5859286238510457,False,False,Normal
Bihar,2019-10-31,Monthly,12.47,24053140.0,40.31,Rural,Pre-COVID,9.747499999999999,14.9025,5.155000000000001,2.014999999999997,22.635,False,11.103333333333333,2.286751699099256,0.5976454143250414,False,False,Normal
Bihar,2019-11-30,Monthly,12.4,22445989.0,37.51,Rural,Pre-COVID,9.747499999999999,14.9025,5.155000000000001,2.014999999999997,22.635,False,10.780000000000001,1.8100552477756036,0.8950003056485899,False,False,Normal
Bihar,2019-12-31,Monthly,10.16,22914530.0,37.25,Rural,Pre-COVID,9.747499999999999,14.9025,5.155000000000001,2.014999999999997,22.635,False,11.246666666666668,2.0585512705136435,-0.527879330591327,False,False,Normal
Bihar,2020-01-31,Monthly,9.13,23409006.0,37.54,Rural,Pre-COVID,9.747499999999999,14.9025,5.155000000000001,2.014999999999997,22.635,False,11.676666666666668,1.313938101028102,-1.9381937890940266,False,False,Normal
Bihar,2020-02-29,Monthly,9.61,23168192.0,37.28,Rural,Pre-COVID,9.747499999999999,14.9025,5.155000000000001,2.014999999999997,22.635,False,10.563333333333334,1.6718951322775386,-0.5702112022030095,False,False,Normal
Bihar,2020-03-31,Monthly,15.39,22667882.0,38.88,Rural,COVID,9.747499999999999,14.9025,5.155000000000001,2.014999999999997,22.635,False,9.633333333333333,0.5153962876596283,11.169398780125508,True,True,COVID-period noteworthy anomaly
Bihar,2020-04-30,Monthly,45.09,14645275.0,38.63,Rural,COVID,9.747499999999999,14.9025,5.155000000000001,2.014999999999997,22.635,True,11.376666666666667,3.4839249896249673,9.676825257068025,True,True,Legitimate COVID extreme event
Bihar,2020-05-31,Monthly,47.26,14050319.0,38.5,Rural,COVID,9.747499999999999,14.9025,5.155000000000001,2.014999999999997,22.635,True,23.363333333333333,19.036494775386917,1.255308130442358,False,True,Legitimate COVID extreme event
Bihar,2020-06-30,Monthly,20.49,20622566.0,37.4,Rural,COVID,9.747499999999999,14.9025,5.155000000000001,2.014999999999997,22.635,False,35.913333333333334,17.806814238749535,-0.8661478199604346,False,False,Normal
Bihar,2019-05-31,Monthly,19.9,3029344.0,39.8,Urban,Pre-COVID,14.96,20.32,5.359999999999999,6.920000000000002,28.36,False,,,,False,False,Normal
Bihar,2019-06-30,Monthly,13.29,3248864.0,39.35,Urban,Pre-COVID,14.96,20.32,5.359999999999999,6.920000000000002,28.36,False,,,,False,False,Normal
Bihar,2019-07-31,Monthly,16.41,3059744.0,38.36,Urban,Pre-COVID,14.96,20.32,5.359999999999999,6.920000000000002,28.36,False,16.595,4.673975823643079,-0.03958086369728,False,False,Normal
Bihar,2019-08-31,Monthly,17.66,2994763.0,38.03,Urban,Pre-COVID,14.96,20.32,5.359999999999999,6.920000000000002,28.36,False,16.53333333333333,3.306725469907251,0.34071974735122784,False,False,Normal
Bihar,2019-09-30,Monthly,20.46,2992082.0,39.25,Urban,Pre-COVID,14.96,20.32,5.359999999999999,6.920000000000002,28.36,False,15.786666666666667,2.2506961885899512,2.076394564946214,False,False,Normal
Bihar,2019-10-31,Monthly,14.06,3173429.0,38.45,Urban,Pre-COVID,14.96,20.32,5.359999999999999,6.920000000000002,28.36,False,18.176666666666666,2.0738450601077565,-1.9850406116900383,False,False,Normal
Bihar,2019-11-30,Monthly,17.62,3081077.0,38.86,Urban,Pre-COVID,14.96,20.32,5.359999999999999,6.920000000000002,28.36,False,17.393333333333334,3.208322510804258,0.07064958896848748,False,False,Normal
Bihar,2019-12-31,Monthly,14.91,2977857.0,36.29,Urban,Pre-COVID,14.96,20.32,5.359999999999999,6.920000000000002,28.36,False,17.38,3.206742895836834,-0.7702519597709832,False,False,Normal
Bihar,2020-01-31,Monthly,20.69,2988665.0,38.99,Urban,Pre-COVID,14.96,20.32,5.359999999999999,6.920000000000002,28.36,False,15.530000000000001,1.8592202666709485,2.7753570098712976,False,False,Normal
Bihar,2020-02-29,Monthly,15.11,3113464.0,37.87,Urban,Pre-COVID,14.96,20.32,5.359999999999999,6.920000000000002,28.36,False,17.74,2.891867908463316,-0.9094467946834858,False,False,Normal
Bihar,2020-03-31,Monthly,15.73,3049637.0,37.29,Urban,COVID,14.96,20.32,5.359999999999999,6.920000000000002,28.36,False,16.903333333333332,3.2808738673306745,-0.35762829684396197,False,False,Normal
Bihar,2020-04-30,Monthly,58.77,1400962.0,34.94,Urban,COVID,14.96,20.32,5.359999999999999,6.920000000000002,28.36,True,17.176666666666666,3.0583873746360735,13.599759689788364,True,True,Legitimate COVID extreme event
Bihar,2020-05-31,Monthly,37.87,2207026.0,36.45,Urban,COVID,14.96,20.32,5.359999999999999,6.920000000000002,28.36,True,29.87,25.030053935219556,0.31961577153228865,False,True,Legitimate COVID extreme event
Bihar,2020-06-30,Monthly,12.45,3124663.0,36.54,Urban,COVID,14.96,20.32,5.359999999999999,6.920000000000002,28.36,False,37.45666666666667,21.522976869692844,-1.1618591061108892,False,False,Normal
Chandigarh,2019-05-31,Monthly,18.35,348042.0,44.89,Urban,Pre-COVID,11.68,20.4625,8.782499999999999,-1.4937499999999986,33.63625,False,,,,False,False,Normal
Chandigarh,2019-06-30,Monthly,12.4,337145.0,40.44,Urban,Pre-COVID,11.68,20.4625,8.782499999999999,-1.4937499999999986,33.63625,False,,,,False,False,Normal
Chandigarh,2019-07-31,Monthly,21.8,294379.0,39.47,Urban,Pre-COVID,11.68,20.4625,8.782499999999999,-1.4937499999999986,33.63625,False,15.375,4.207285348059958,1.5271129644112833,False,False,Normal
Chandigarh,2019-08-31,Monthly,9.52,328282.0,37.95,Urban,Pre-COVID,11.68,20.4625,8.782499999999999,-1.4937499999999986,33.63625,False,17.51666666666667,4.755084997487778,-1.6817084596577128,False,False,Normal
Chandigarh,2019-09-30,Monthly,20.14,327239.0,42.77,Urban,Pre-COVID,11.68,20.4625,8.782499999999999,-1.4937499999999986,33.63625,False,14.573333333333332,6.422003840962206,0.8668114819801505,False,False,Normal
Chandigarh,2019-10-31,Monthly,13.99,330856.0,40.06,Urban,Pre-COVID,11.68,20.4625,8.782499999999999,-1.4937499999999986,33.63625,False,17.153333333333336,6.662562069754648,-0.4747923246664518,False,False,Normal
Chandigarh,2019-11-30,Monthly,22.05,289593.0,38.6,Urban,Pre-COVID,11.68,20.4625,8.782499999999999,-1.4937499999999986,33.63625,False,14.549999999999999,5.33210089927038,1.4065750333093412,False,False,Normal
Chandigarh,2019-12-31,Monthly,8.33,311146.0,35.19,Urban,Pre-COVID,11.68,20.4625,8.782499999999999,-1.4937499999999986,33.63625,False,18.726666666666667,4.211773181610489,-2.468477341576882,False,False,Normal
Chandigarh,2020-01-31,Monthly,20.0,332062.0,42.94,Urban,Pre-COVID,11.68,20.4625,8.782499999999999,-1.4937499999999986,33.63625,False,14.790000000000001,6.894896663475095,0.7556313392772602,False,False,Normal
Chandigarh,2020-02-29,Monthly,16.67,316887.0,39.25,Urban,Pre-COVID,11.68,20.4625,8.782499999999999,-1.4937499999999986,33.63625,False,16.793333333333333,7.40078599429367,-0.016664896597256926,False,False,Normal
Chandigarh,2020-03-31,Monthly,21.43,279839.0,36.68,Urban,COVID,11.68,20.4625,8.782499999999999,-1.4937499999999986,33.63625,False,15.0,6.0115638564353615,1.0696052064916026,False,False,Normal
Chandigarh,2020-06-30,Monthly,7.22,306505.0,33.8,Urban,COVID,11.68,20.4625,8.782499999999999,-1.4937499999999986,33.63625,False,19.366666666666667,2.4423827163926073,-4.973285548223688,True,True,COVID-period noteworthy anomaly
Chhattisgarh,2019-05-31,Monthly,9.82,6259019.0,42.89,Rural,Pre-COVID,5.0075,8.22,3.2125000000000004,0.18874999999999975,13.03875,False,,,,False,False,Normal
Chhattisgarh,2019-06-30,Monthly,6.76,6608626.0,43.71,Rural,Pre-COVID,5.0075,8.22,3.2125000000000004,0.18874999999999975,13.03875,False,,,,False,False,Normal
Chhattisgarh,2019-07-31,Monthly,4.54,6753622.0,43.53,Rural,Pre-COVID,5.0075,8.22,3.2125000000000004,0.18874999999999975,13.03875,False,8.29,2.1637467504308354,-1.7331048558493807,False,False,Normal
Chhattisgarh,2019-08-31,Monthly,4.64,6607694.0,42.55,Rural,Pre-COVID,5.0075,8.22,3.2125000000000004,0.18874999999999975,13.03875,False,7.04,2.651112973828161,-0.9052801686283637,False,False,Normal
Chhattisgarh,2019-09-30,Monthly,8.33,6490776.0,43.38,Rural,Pre-COVID,5.0075,8.22,3.2125000000000004,0.18874999999999975,13.03875,False,5.3133333333333335,1.253847412300765,2.405928055576708,False,False,Normal
Chhattisgarh,2019-10-31,Monthly,6.96,7043840.0,46.28,Rural,Pre-COVID,5.0075,8.22,3.2125000000000004,0.18874999999999975,13.03875,False,5.836666666666666,2.1598688231773076,0.520093313667465,False,False,Normal
Chhattisgarh,2019-11-30,Monthly,2.77,6942931.0,43.56,Rural,Pre-COVID,5.0075,8.22,3.2125000000000004,0.18874999999999975,13.03875,False,6.6433333333333335,1.8652703110630717,-2.0765533608508506,False,False,Normal
Chhattisgarh,2019-12-31,Monthly,6.11,6569385.0,42.59,Rural,Pre-COVID,5.0075,8.22,3.2125000000000004,0.18874999999999975,13.03875,False,6.02,2.8967395464556343,0.031069413924397212,False,False,Normal
Chhattisgarh,2020-01-31,Monthly,9.89,6236201.0,42.03,Rural,Pre-COVID,5.0075,8.22,3.2125000000000004,0.18874999999999975,13.03875,False,5.28,2.2148814866714637,2.0813754721151847,False,False,Normal
Chhattisgarh,2020-02-29,Monthly,7.89,6847173.0,45.05,Rural,Pre-COVID,5.0075,8.22,3.2125000000000004,0.18874999999999975,13.03875,False,6.256666666666667,3.5622651969404706,0.4585097523722144,False,False,Normal
Chhattisgarh,2020-03-31,Monthly,7.31,6894808.0,44.98,Rural,COVID,5.0075,8.22,3.2125000000000004,0.18874999999999975,13.03875,False,7.963333333333334,1.8910667183717578,-0.3454840207308317,False,False,Normal
Chhattisgarh,2020-04-30,Monthly,0.0,6534321.0,39.43,Rural,COVID,5.0075,8.22,3.2125000000000004,0.18874999999999975,13.03875,True,8.363333333333333,1.3535631988693144,-6.178753485850946,True,True,Legitimate COVID extreme event
Chhattisgarh,2020-05-31,Monthly,7.64,5454091.0,35.56,Rural,COVID,5.0075,8.22,3.2125000000000004,0.18874999999999975,13.03875,False,5.066666666666666,4.3974348583388165,0.5851896426512252,False,False,Normal
Chhattisgarh,2020-06-30,Monthly,10.14,5781095.0,38.66,Rural,COVID,5.0075,8.22,3.2125000000000004,0.18874999999999975,13.03875,False,4.983333333333333,4.318846296562698,1.1939917081028741,False,False,Normal
Chhattisgarh,2019-05-31,Monthly,9.77,2223129.0,45.61,Urban,Pre-COVID,8.2375,11.395,3.157499999999999,3.5012500000000024,16.131249999999998,False,,,,False,False,Normal
Chhattisgarh,2019-06-30,Monthly,11.77,2192020.0,45.88,Urban,Pre-COVID,8.2375,11.395,3.157499999999999,3.5012500000000024,16.131249999999998,False,,,,False,False,Normal
Chhattisgarh,2019-07-31,Monthly,8.17,2285436.0,45.85,Urban,Pre-COVID,8.2375,11.395,3.157499999999999,3.5012500000000024,16.131249999999998,False,10.77,1.4142135623730951,-1.8384776310850233,False,False,Normal
Chhattisgarh,2019-08-31,Monthly,6.29,2392400.0,46.91,Urban,Pre-COVID,8.2375,11.395,3.157499999999999,3.5012500000000024,16.131249999999998,False,9.903333333333334,1.8036999011291575,-2.0032896442868933,False,False,Normal
Chhattisgarh,2019-09-30,Monthly,9.46,2311507.0,46.8,Urban,Pre-COVID,8.2375,11.395,3.157499999999999,3.5012500000000024,16.131249999999998,False,8.743333333333334,2.7846244510406297,0.2573656445481704,False,False,Normal
Chhattisgarh,2019-10-31,Monthly,10.27,2297096.0,46.82,Urban,Pre-COVID,8.2375,11.395,3.157499999999999,3.5012500000000024,16.131249999999998,False,7.973333333333334,1.5941246291721765,1.4407070969471925,False,False,Normal
Chhattisgarh,2019-11-30,Monthly,8.32,2341284.0,46.59,Urban,Pre-COVID,8.2375,11.395,3.157499999999999,3.5012500000000024,16.131249999999998,False,8.673333333333334,2.1033861588717677,-0.1679831027902444,False,False,Normal
Chhattisgarh,2019-12-31,Monthly,3.57,2415436.0,45.59,Urban,Pre-COVID,8.2375,11.395,3.157499999999999,3.5012500000000024,16.131249999999998,False,9.350000000000001,0.9796427920420785,-5.900109761387122,True,True,Noteworthy / unexplained
Chhattisgarh,2020-01-31,Monthly,9.01,2315972.0,46.21,Urban,Pre-COVID,8.2375,11.395,3.157499999999999,3.5012500000000024,16.131249999999998,False,7.386666666666667,3.446133098609705,0.47105938362863714,False,False,Normal
Chhattisgarh,2020-02-29,Monthly,9.79,2347941.0,47.14,Urban,Pre-COVID,8.2375,11.395,3.157499999999999,3.5012500000000024,16.131249999999998,False,6.966666666666668,2.9617618630358056,0.9532614247518925,False,False,Normal
Chhattisgarh,2020-03-31,Monthly,8.21,2407509.0,47.39,Urban,COVID,8.2375,11.395,3.157499999999999,3.5012500000000024,16.131249999999998,False,7.456666666666667,3.388470648143986,0.22232251996810642,False,False,Normal
Chhattisgarh,2020-04-30,Monthly,20.13,1066126.0,24.06,Urban,COVID,8.2375,11.395,3.157499999999999,3.5012500000000024,16.131249999999998,True,9.003333333333334,0.7900210967647172,14.084012075414728,True,True,Legitimate COVID extreme event
Chhattisgarh,2020-05-31,Monthly,24.1,1276291.0,30.24,Urban,COVID,8.2375,11.395,3.157499999999999,3.5012500000000024,16.131249999999998,True,12.709999999999999,6.4742876055980085,1.759266917668534,False,True,Legitimate COVID extreme event
Chhattisgarh,2020-06-30,Monthly,27.07,1602231.0,39.41,Urban,COVID,8.2375,11.395,3.157499999999999,3.5012500000000024,16.131249999999998,True,17.48,8.269818619534531,1.1596384928379209,False,True,COVID-period noteworthy anomaly
Delhi,2019-05-31,Monthly,12.56,169487.0,42.33,Rural,Pre-COVID,12.515,17.127499999999998,4.612499999999997,5.596250000000005,24.046249999999993,False,,,,False,False,Normal
Delhi,2019-06-30,Monthly,9.33,149076.0,35.74,Rural,Pre-COVID,12.515,17.127499999999998,4.612499999999997,5.596250000000005,24.046249999999993,False,,,,False,False,Normal
Delhi,2019-07-31,Monthly,11.07,166605.0,40.53,Rural,Pre-COVID,12.515,17.127499999999998,4.612499999999997,5.596250000000005,24.046249999999993,False,10.945,2.283954903232549,0.054729627026822554,False,False,Normal
Delhi,2019-08-31,Monthly,17.18,135407.0,35.21,Rural,Pre-COVID,12.515,17.127499999999998,4.612499999999997,5.596250000000005,24.046249999999993,False,10.986666666666666,1.6166116829137833,3.8310581315176817,True,True,Noteworthy / unexplained
Delhi,2019-09-30,Monthly,12.5,166056.0,40.68,Rural,Pre-COVID,12.515,17.127499999999998,4.612499999999997,5.596250000000005,24.046249999999993,False,12.526666666666666,4.1227458487436905,-0.006468181072765265,False,False,Normal
Delhi,2019-10-31,Monthly,15.84,149511.0,37.9,Rural,Pre-COVID,12.515,17.127499999999998,4.612499999999997,5.596250000000005,24.046249999999993,False,13.583333333333334,3.195814971698665,0.7061318276092763,False,False,Normal
Delhi,2019-11-30,Monthly,11.11,178768.0,42.71,Rural,Pre-COVID,12.515,17.127499999999998,4.612499999999997,5.596250000000005,24.046249999999993,False,15.173333333333332,2.410172884532009,-1.685909487825942,False,False,Normal
Delhi,2019-12-31,Monthly,16.97,145671.0,37.08,Rural,Pre-COVID,12.515,17.127499999999998,4.612499999999997,5.596250000000005,24.046249999999993,False,13.15,2.4310697233933882,1.5713247395750887,False,False,Normal
Delhi,2020-01-31,Monthly,13.48,157791.0,38.36,Rural,Pre-COVID,12.515,17.127499999999998,4.612499999999997,5.596250000000005,24.046249999999993,False,14.64,3.1088422282258086,-0.37312925997598884,False,False,Normal
Delhi,2020-02-29,Monthly,13.81,147500.0,35.84,Rural,Pre-COVID,12.515,17.127499999999998,4.612499999999997,5.596250000000005,24.046249999999993,False,13.853333333333333,2.9477844787795022,-0.014700305821297591,False,False,Normal
Delhi,2020-03-31,Monthly,15.18,152413.0,37.45,Rural,COVID,12.515,17.127499999999998,4.612499999999997,5.596250000000005,24.046249999999993,False,14.753333333333332,1.9267675867455674,0.2214416879346277,False,False,Normal
Delhi,2020-04-30,Monthly,20.69,115487.0,30.21,Rural,COVID,12.515,17.127499999999998,4.612499999999997,5.596250000000005,24.046249999999993,False,14.156666666666666,0.9014617758581561,7.2474879227284585,True,True,Legitimate COVID extreme event
Delhi,2020-05-31,Monthly,22.76,129610.0,34.65,Rural,COVID,12.515,17.127499999999998,4.612499999999997,5.596250000000005,24.046249999999993,False,16.560000000000002,3.6416891685040893,1.7025066426926263,False,False,Normal
Delhi,2020-06-30,Monthly,21.14,112108.0,29.22,Rural,COVID,12.515,17.127499999999998,4.612499999999997,5.596250000000005,24.046249999999993,False,19.543333333333333,3.91793738251817,0.40752735707083826,False,False,Normal
Delhi,2019-05-31,Monthly,12.31,5756475.0,44.17,Urban,Pre-COVID,12.95,17.855,4.905000000000001,5.592499999999998,25.212500000000002,False,,,,False,False,Normal
Delhi,2019-06-30,Monthly,12.76,5550172.0,42.71,Urban,Pre-COVID,12.95,17.855,4.905000000000001,5.592499999999998,25.212500000000002,False,,,,False,False,Normal
Delhi,2019-07-31,Monthly,14.68,5393091.0,42.34,Urban,Pre-COVID,12.95,17.855,4.905000000000001,5.592499999999998,25.212500000000002,False,12.535,0.31819805153394587,6.741084647311762,True,True,Noteworthy / unexplained
Delhi,2019-08-31,Monthly,13.52,5552510.0,42.9,Urban,Pre-COVID,12.95,17.855,4.905000000000001,5.592499999999998,25.212500000000002,False,13.25,1.2586897949852456,0.21450877021145986,False,False,Normal
Delhi,2019-09-30,Monthly,20.59,5642253.0,47.36,Urban,Pre-COVID,12.95,17.855,4.905000000000001,5.592499999999998,25.212500000000002,False,13.65333333333333,0.9669195071635145,7.173985647487427,True,True,Noteworthy / unexplained
Delhi,2019-10-31,Monthly,12.41,6030363.0,45.78,Urban,Pre-COVID,12.95,17.855,4.905000000000001,5.592499999999998,25.212500000000002,False,16.263333333333332,3.791626739716522,-1.0162744378212247,False,False,Normal
Delhi,2019-11-30,Monthly,16.11,5439600.0,43.02,Urban,Pre-COVID,12.95,17.855,4.905000000000001,5.592499999999998,25.212500000000002,False,15.506666666666666,4.437142473860102,0.1359733965919878,False,False,Normal
Delhi,2019-12-31,Monthly,11.07,5718337.0,42.56,Urban,Pre-COVID,12.95,17.855,4.905000000000001,5.592499999999998,25.212500000000002,False,16.37,4.096193354811271,-1.293884233705612,False,False,Normal
Delhi,2020-01-31,Monthly,22.45,5647493.0,48.09,Urban,Pre-COVID,12.95,17.855,4.905000000000001,5.592499999999998,25.212500000000002,False,13.196666666666667,2.6104661141898307,3.544705400707775,True,True,Noteworthy / unexplained
Delhi,2020-02-29,Monthly,14.86,5708807.0,44.18,Urban,Pre-COVID,12.95,17.855,4.905000000000001,5.592499999999998,25.212500000000002,False,16.543333333333333,5.702362083674918,-0.2951993066439058,False,False,Normal
Delhi,2020-03-31,Monthly,17.09,5401392.0,42.82,Urban,COVID,12.95,17.855,4.905000000000001,5.592499999999998,25.212500000000002,False,16.126666666666665,5.794776383376096,0.16624167519162955,False,False,Normal
Delhi,2020-04-30,Monthly,16.51,3003787.0,23.59,Urban,COVID,12.95,17.855,4.905000000000001,5.592499999999998,25.212500000000002,False,18.133333333333333,3.9010810467527284,-0.4161239702222026,False,False,Normal
Delhi,2020-05-31,Monthly,45.78,2343783.0,28.28,Urban,COVID,12.95,17.855,4.905000000000001,5.592499999999998,25.212500000000002,True,16.153333333333332,1.1569932295970298,25.60660331347433,True,True,Legitimate COVID extreme event
Delhi,2020-06-30,Monthly,18.11,4306807.0,34.32,Urban,COVID,12.95,17.855,4.905000000000001,5.592499999999998,25.212500000000002,False,26.459999999999997,16.734123819310053,-0.4989804121303716,False,False,Normal
Goa,2019-05-31,Monthly,2.91,179340.0,39.16,Rural,Pre-COVID,3.3825000000000003,12.2125,8.83,-9.8625,25.457500000000003,False,,,,False,False,Normal
Goa,2019-06-30,Monthly,5.45,170471.0,38.19,Rural,Pre-COVID,3.3825000000000003,12.2125,8.83,-9.8625,25.457500000000003,False,,,,False,False,Normal
Goa,2019-07-31,Monthly,10.98,167437.0,39.81,Rural,Pre-COVID,3.3825000000000003,12.2125,8.83,-9.8625,25.457500000000003,False,4.18,1.7960512242138311,3.78608355280986,True,True,Noteworthy / unexplained
Goa,2019-08-31,Monthly,1.98,183603.0,39.61,Rural,Pre-COVID,3.3825000000000003,12.2125,8.83,-9.8625,25.457500000000003,False,6.446666666666666,4.126285658232272,-1.082490897777595,False,False,Normal
Goa,2019-09-30,Monthly,3.61,163215.0,35.78,Rural,Pre-COVID,3.3825000000000003,12.2125,8.83,-9.8625,25.457500000000003,False,6.136666666666667,4.539122529006386,-0.5566420933826949,False,False,Normal
Goa,2019-10-31,Monthly,7.21,177440.0,40.36,Rural,Pre-COVID,3.3825000000000003,12.2125,8.83,-9.8625,25.457500000000003,False,5.523333333333333,4.795376245231789,0.3517277019386703,False,False,Normal
Goa,2019-11-30,Monthly,23.71,159489.0,44.09,Rural,Pre-COVID,3.3825000000000003,12.2125,8.83,-9.8625,25.457500000000003,False,4.266666666666667,2.6761228173111427,7.265486175581878,True,True,Noteworthy / unexplained
Goa,2019-12-31,Monthly,3.54,177155.0,38.7,Rural,Pre-COVID,3.3825000000000003,12.2125,8.83,-9.8625,25.457500000000003,False,11.51,10.717742299570372,-0.7436267617966037,False,False,Normal
Goa,2020-01-31,Monthly,5.38,158936.0,35.36,Rural,Pre-COVID,3.3825000000000003,12.2125,8.83,-9.8625,25.457500000000003,False,11.486666666666666,10.74358568324995,-0.5684011694705814,False,False,Normal
Goa,2020-02-29,Monthly,0.0,171672.0,36.11,Rural,Pre-COVID,3.3825000000000003,12.2125,8.83,-9.8625,25.457500000000003,False,10.876666666666667,11.15200579865942,-0.9753103489216396,False,False,Normal
Goa,2020-04-30,Monthly,15.91,181657.0,45.36,Rural,COVID,3.3825000000000003,12.2125,8.83,-9.8625,25.457500000000003,False,2.973333333333333,2.7343981665685244,4.731083726149972,True,True,Legitimate COVID extreme event
Goa,2020-05-31,Monthly,20.0,128538.0,33.71,Rural,COVID,3.3825000000000003,12.2125,8.83,-9.8625,25.457500000000003,False,7.096666666666667,8.092727187625522,1.5944357240985019,False,False,Normal
Goa,2019-05-31,Monthly,2.75,264855.0,34.17,Urban,Pre-COVID,4.6475,12.565000000000001,7.917500000000001,-7.2287500000000025,24.441250000000004,False,,,,False,False,Normal
Goa,2019-06-30,Monthly,13.33,304015.0,43.96,Urban,Pre-COVID,4.6475,12.565000000000001,7.917500000000001,-7.2287500000000025,24.441250000000004,False,,,,False,False,Normal
Goa,2019-07-31,Monthly,12.28,280367.0,40.0,Urban,Pre-COVID,4.6475,12.565000000000001,7.917500000000001,-7.2287500000000025,24.441250000000004,False,8.04,7.4811897449536735,0.5667547735786317,False,False,Normal
Goa,2019-08-31,Monthly,4.9,243277.0,31.97,Urban,Pre-COVID,4.6475,12.565000000000001,7.917500000000001,-7.2287500000000025,24.441250000000004,False,9.453333333333333,5.828947875331648,-0.7811586980565104,False,False,Normal
Goa,2019-09-30,Monthly,3.16,309643.0,39.92,Urban,Pre-COVID,4.6475,12.565000000000001,7.917500000000001,-7.2287500000000025,24.441250000000004,False,10.17,4.594050500375459,-1.5258865786144695,False,False,Normal
Goa,2019-10-31,Monthly,12.31,290264.0,41.27,Urban,Pre-COVID,4.6475,12.565000000000001,7.917500000000001,-7.2287500000000025,24.441250000000004,False,6.780000000000001,4.841941759253203,1.1421037829362324,False,False,Normal
Goa,2019-11-30,Monthly,25.2,271612.0,45.22,Urban,Pre-COVID,4.6475,12.565000000000001,7.917500000000001,-7.2287500000000025,24.441250000000004,True,6.79,4.858981374732775,3.7888599647107064,True,True,Noteworthy / unexplained
Goa,2019-12-31,Monthly,16.22,288154.0,42.77,Urban,Pre-COVID,4.6475,12.565000000000001,7.917500000000001,-7.2287500000000025,24.441250000000004,False,13.556666666666667,11.072760872218515,0.24053019514000507,False,False,Normal
Goa,2020-01-31,Monthly,10.92,257814.0,35.95,Urban,Pre-COVID,4.6475,12.565000000000001,7.917500000000001,-7.2287500000000025,24.441250000000004,False,17.91,6.6090922220831505,-1.0576339026779067,False,False,Normal
Goa,2020-02-29,Monthly,4.31,306396.0,39.73,Urban,Pre-COVID,4.6475,12.565000000000001,7.917500000000001,-7.2287500000000025,24.441250000000004,False,17.446666666666665,7.218596354786249,-1.819836713540088,False,False,Normal
Goa,2020-03-31,Monthly,4.76,277093.0,36.05,Urban,COVID,4.6475,12.565000000000001,7.917500000000001,-7.2287500000000025,24.441250000000004,False,10.483333333333333,5.966995335454294,-0.9591650422997339,False,False,Normal
Goa,2020-04-30,Monthly,11.76,318957.0,44.74,Urban,COVID,4.6475,12.565000000000001,7.917500000000001,-7.2287500000000025,24.441250000000004,False,6.663333333333331,3.693241575274126,1.3799981839228523,False,False,Normal
Gujarat,2019-05-31,Monthly,2.88,13954728.0,52.03,Rural,Pre-COVID,3.92,6.5525,2.6325000000000003,-0.028750000000000497,10.50125,False,,,,False,False,Normal
Gujarat,2019-06-30,Monthly,4.77,13199281.0,50.12,Rural,Pre-COVID,3.92,6.5525,2.6325000000000003,-0.028750000000000497,10.50125,False,,,,False,False,Normal
Gujarat,2019-07-31,Monthly,4.58,14327083.0,54.21,Rural,Pre-COVID,3.92,6.5525,2.6325000000000003,-0.028750000000000497,10.50125,False,3.8249999999999997,1.3364318164425746,0.5649371638051256,False,False,Normal
Gujarat,2019-08-31,Monthly,3.7,13507342.0,50.57,Rural,Pre-COVID,3.92,6.5525,2.6325000000000003,-0.028750000000000497,10.50125,False,4.076666666666667,1.0406888744160443,-0.3619397458034936,False,False,Normal
Gujarat,2019-09-30,Monthly,6.29,13280783.0,51.01,Rural,Pre-COVID,3.92,6.5525,2.6325000000000003,-0.028750000000000497,10.50125,False,4.3500000000000005,0.5708765190476837,3.398283052938033,True,True,Noteworthy / unexplained
Gujarat,2019-10-31,Monthly,4.91,13828512.0,52.27,Rural,Pre-COVID,3.92,6.5525,2.6325000000000003,-0.028750000000000497,10.50125,False,4.8566666666666665,1.3169788659402757,0.040496726798463535,False,False,Normal
Gujarat,2019-11-30,Monthly,4.68,14487815.0,54.55,Rural,Pre-COVID,3.92,6.5525,2.6325000000000003,-0.028750000000000497,10.50125,False,4.966666666666666,1.2959295248327876,-0.2212054445658644,False,False,Normal
Gujarat,2019-12-31,Monthly,3.46,13877825.0,51.51,Rural,Pre-COVID,3.92,6.5525,2.6325000000000003,-0.028750000000000497,10.50125,False,5.293333333333333,0.8707659463560433,-2.1054260803438796,False,False,Normal
Gujarat,2020-01-31,Monthly,5.35,14301844.0,54.07,Rural,Pre-COVID,3.92,6.5525,2.6325000000000003,-0.028750000000000497,10.50125,False,4.3500000000000005,0.7792945527847599,1.2832118438741325,False,False,Normal
Gujarat,2020-02-29,Monthly,6.64,13973042.0,53.48,Rural,Pre-COVID,3.92,6.5525,2.6325000000000003,-0.028750000000000497,10.50125,False,4.496666666666667,0.9582449234581587,2.2367280857574197,False,False,Normal
Gujarat,2020-03-31,Monthly,7.59,13483615.0,52.06,Rural,COVID,3.92,6.5525,2.6325000000000003,-0.028750000000000497,10.50125,False,5.1499999999999995,1.5994061397906416,1.5255662331766404,False,False,Normal
Gujarat,2020-04-30,Monthly,12.0,8587594.0,34.77,Rural,COVID,3.92,6.5525,2.6325000000000003,-0.028750000000000497,10.50125,True,6.526666666666666,1.1242923700414147,4.868247334215847,True,True,Legitimate COVID extreme event
Gujarat,2020-05-31,Monthly,14.58,11121124.0,46.31,Rural,COVID,3.92,6.5525,2.6325000000000003,-0.028750000000000497,10.50125,True,8.743333333333332,2.8600757565724297,2.0407384850747596,False,True,Legitimate COVID extreme event
Gujarat,2020-06-30,Monthly,1.41,13243922.0,47.72,Rural,COVID,3.92,6.5525,2.6325000000000003,-0.028750000000000497,10.50125,False,11.39,3.534699421450153,-2.8234366801988457,False,False,Normal
Gujarat,2019-05-31,Monthly,4.09,9686558.0,41.67,Urban,Pre-COVID,5.21,6.2425,1.0324999999999998,3.6612500000000003,7.79125,False,,,,False,False,Normal
Gujarat,2019-06-30,Monthly,6.31,10144965.0,44.57,Urban,Pre-COVID,5.21,6.2425,1.0324999999999998,3.6612500000000003,7.79125,False,,,,False,False,Normal
Gujarat,2019-07-31,Monthly,5.15,9828023.0,42.54,Urban,Pre-COVID,5.21,6.2425,1.0324999999999998,3.6612500000000003,7.79125,False,5.199999999999999,1.5697770542341356,-0.03185165681020416,False,False,Normal
Gujarat,2019-08-31,Monthly,4.2,10228154.0,43.72,Urban,Pre-COVID,5.21,6.2425,1.0324999999999998,3.6612500000000003,7.79125,False,5.183333333333334,1.1103753119253568,-0.8855864524115395,False,False,Normal
Gujarat,2019-09-30,Monthly,5.96,9609939.0,41.75,Urban,Pre-COVID,5.21,6.2425,1.0324999999999998,3.6612500000000003,7.79125,False,5.22,1.0567402708329041,0.700266678979448,False,False,Normal
Gujarat,2019-10-31,Monthly,5.45,10474217.0,45.14,Urban,Pre-COVID,5.21,6.2425,1.0324999999999998,3.6612500000000003,7.79125,False,5.103333333333334,0.8809275414773525,0.39352460939669476,False,False,Normal
Gujarat,2019-11-30,Monthly,7.53,9896129.0,43.5,Urban,Pre-COVID,5.21,6.2425,1.0324999999999998,3.6612500000000003,7.79125,False,5.203333333333333,0.9055569188810458,2.5693212852281224,False,False,Normal
Gujarat,2019-12-31,Monthly,5.71,10172812.0,43.75,Urban,Pre-COVID,5.21,6.2425,1.0324999999999998,3.6612500000000003,7.79125,False,6.3133333333333335,1.084081792732143,-0.5565385724381465,False,False,Normal
Gujarat,2020-01-31,Monthly,5.82,9824501.0,42.19,Urban,Pre-COVID,5.21,6.2425,1.0324999999999998,3.6612500000000003,7.79125,False,6.2299999999999995,1.1333137253205765,-0.36177096494973093,False,False,Normal
Gujarat,2020-02-29,Monthly,6.04,10784753.0,46.31,Urban,Pre-COVID,5.21,6.2425,1.0324999999999998,3.6612500000000003,7.79125,False,6.353333333333334,1.0205064102362793,-0.30703710451048305,False,False,Normal
Gujarat,2020-03-31,Monthly,5.39,10083026.0,42.9,Urban,COVID,5.21,6.2425,1.0324999999999998,3.6612500000000003,7.79125,False,5.8566666666666665,0.16802777548171594,-2.7773186030035104,False,False,Normal
Gujarat,2020-04-30,Monthly,25.94,6701284.0,36.33,Urban,COVID,5.21,6.2425,1.0324999999999998,3.6612500000000003,7.79125,True,5.75,0.3306055050963311,61.069763475708264,True,True,Legitimate COVID extreme event
Gujarat,2020-05-31,Monthly,11.62,6072776.0,27.52,Urban,COVID,5.21,6.2425,1.0324999999999998,3.6612500000000003,7.79125,True,12.456666666666669,11.681431133783796,-0.07162364414810023,False,True,Legitimate COVID extreme event
Gujarat,2020-06-30,Monthly,4.54,10574711.0,44.26,Urban,COVID,5.21,6.2425,1.0324999999999998,3.6612500000000003,7.79125,False,14.316666666666668,10.537059994767677,-0.9278362912920118,False,False,Normal
Haryana,2019-05-31,Monthly,14.54,5249186.0,45.12,Rural,Pre-COVID,16.4175,30.595,14.177499999999998,-4.848749999999999,51.86125,False,,,,False,False,Normal
Haryana,2019-06-30,Monthly,23.08,4745178.0,45.23,Rural,Pre-COVID,16.4175,30.595,14.177499999999998,-4.848749999999999,51.86125,False,,,,False,False,Normal
Haryana,2019-07-31,Monthly,16.22,4826560.0,42.17,Rural,Pre-COVID,16.4175,30.595,14.177499999999998,-4.848749999999999,51.86125,False,18.81,6.038691911333116,-0.42890083449020094,False,False,Normal
Haryana,2019-08-31,Monthly,30.94,4558306.0,48.23,Rural,Pre-COVID,16.4175,30.595,14.177499999999998,-4.848749999999999,51.86125,False,17.946666666666665,4.524260528896775,2.8719242073580835,False,False,Normal
Haryana,2019-09-30,Monthly,16.36,5127956.0,44.72,Rural,Pre-COVID,16.4175,30.595,14.177499999999998,-4.848749999999999,51.86125,False,23.41333333333333,7.365659056278219,-0.9575970431758346,False,False,Normal
Haryana,2019-10-31,Monthly,24.17,4798833.0,46.07,Rural,Pre-COVID,16.4175,30.595,14.177499999999998,-4.848749999999999,51.86125,False,21.173333333333332,8.45847109904227,0.3542799439257969,False,False,Normal
Haryana,2019-11-30,Monthly,16.59,4875763.0,42.48,Rural,Pre-COVID,16.4175,30.595,14.177499999999998,-4.848749999999999,51.86125,False,23.823333333333334,7.29617936548529,-0.9913864463846311,False,False,Normal
Haryana,2019-12-31,Monthly,29.56,4603484.0,47.4,Rural,Pre-COVID,16.4175,30.595,14.177499999999998,-4.848749999999999,51.86125,False,19.040000000000003,4.444198465415338,2.367131009532185,False,False,Normal
Haryana,2020-01-31,Monthly,16.21,5062293.0,43.74,Rural,Pre-COVID,16.4175,30.595,14.177499999999998,-4.848749999999999,51.86125,False,23.44,6.5157424749601605,-1.1096202816155971,False,False,Normal
Haryana,2020-02-29,Monthly,27.19,4570108.0,45.37,Rural,Pre-COVID,16.4175,30.595,14.177499999999998,-4.848749999999999,51.86125,False,20.786666666666665,7.600304818448621,0.8425100685159609,False,False,Normal
Haryana,2020-03-31,Monthly,23.92,4366148.0,41.4,Rural,COVID,16.4175,30.595,14.177499999999998,-4.848749999999999,51.86125,False,24.320000000000004,7.122731217728206,-0.05615823309525107,False,False,Normal
Haryana,2020-04-30,Monthly,41.61,4041050.0,49.85,Rural,COVID,16.4175,30.595,14.177499999999998,-4.848749999999999,51.86125,False,22.439999999999998,5.637632481813618,3.4003635500966602,True,True,Legitimate COVID extreme event
Haryana,2020-05-31,Monthly,34.22,3914193.0,42.78,Rural,COVID,16.4175,30.595,14.177499999999998,-4.848749999999999,51.86125,False,30.906666666666666,9.412450973754554,0.3520159990816578,False,False,Normal
Haryana,2020-06-30,Monthly,35.57,4357835.0,48.53,Rural,COVID,16.4175,30.595,14.177499999999998,-4.848749999999999,51.86125,False,33.25,8.884801629749516,0.2611200673554494,False,False,Normal
Haryana,2019-05-31,Monthly,24.67,2693596.0,43.18,Urban,Pre-COVID,23.785,27.215,3.4299999999999997,18.64,32.36,False,,,,False,False,Normal
Haryana,2019-06-30,Monthly,20.42,2845190.0,43.06,Urban,Pre-COVID,23.785,27.215,3.4299999999999997,18.64,32.36,False,,,,False,False,Normal
Haryana,2019-07-31,Monthly,25.45,2405973.0,38.77,Urban,Pre-COVID,23.785,27.215,3.4299999999999997,18.64,32.36,False,22.545,3.005203820042827,0.9666565643985501,False,False,Normal
Haryana,2019-08-31,Monthly,24.19,2523005.0,39.87,Urban,Pre-COVID,23.785,27.215,3.4299999999999997,18.64,32.36,False,23.513333333333335,2.7071448674449115,0.24995583901105564,False,False,Normal
Haryana,2019-09-30,Monthly,26.84,2675862.0,43.7,Urban,Pre-COVID,23.785,27.215,3.4299999999999997,18.64,32.36,False,23.353333333333335,2.6172950413228784,1.3321641662929882,False,False,Normal
Haryana,2019-10-31,Monthly,21.04,2821456.0,42.58,Urban,Pre-COVID,23.785,27.215,3.4299999999999997,18.64,32.36,False,25.493333333333336,1.3255313400041997,-3.3596590279934286,True,True,Noteworthy / unexplained
Haryana,2019-11-30,Monthly,27.06,2404239.0,39.18,Urban,Pre-COVID,23.785,27.215,3.4299999999999997,18.64,32.36,False,24.02333333333333,2.9035897322682027,1.0458318656108865,False,False,Normal
Haryana,2019-12-31,Monthly,23.65,2548835.0,39.57,Urban,Pre-COVID,23.785,27.215,3.4299999999999997,18.64,32.36,False,24.98,3.413912711244973,-0.38958230994575793,False,False,Normal
Haryana,2020-01-31,Monthly,27.24,2630938.0,42.75,Urban,Pre-COVID,23.785,27.215,3.4299999999999997,18.64,32.36,False,23.916666666666668,3.0188463580204488,1.1008620311212338,False,False,Normal
Haryana,2020-02-29,Monthly,23.29,2752834.0,42.32,Urban,Pre-COVID,23.785,27.215,3.4299999999999997,18.64,32.36,False,25.983333333333334,2.0227291794338993,-1.3315343253648606,False,False,Normal
Haryana,2020-03-31,Monthly,27.14,2275407.0,36.73,Urban,COVID,23.785,27.215,3.4299999999999997,18.64,32.36,False,24.726666666666663,2.184040597913264,1.1049855646635647,False,False,Normal
Haryana,2020-04-30,Monthly,46.89,1606580.0,35.48,Urban,COVID,23.785,27.215,3.4299999999999997,18.64,32.36,True,25.89,2.2522211259110434,9.324128860351275,True,True,Legitimate COVID extreme event
Haryana,2020-05-31,Monthly,38.46,2013083.0,38.27,Urban,COVID,23.785,27.215,3.4299999999999997,18.64,32.36,True,32.440000000000005,12.66125981093509,0.47546611394868715,False,True,Legitimate COVID extreme event
Haryana,2020-06-30,Monthly,29.41,2304138.0,38.09,Urban,COVID,23.785,27.215,3.4299999999999997,18.64,32.36,False,37.49666666666667,9.910178269503199,-0.8159960847073701,False,False,Normal
Himachal Pradesh,2019-05-31,Monthly,13.68,2045760.0,44.23,Rural,Pre-COVID,14.115,19.235,5.119999999999999,6.435000000000001,26.915,False,,,,False,False,Normal
Himachal Pradesh,2019-06-30,Monthly,11.43,1957081.0,41.18,Rural,Pre-COVID,14.115,19.235,5.119999999999999,6.435000000000001,26.915,False,,,,False,False,Normal
Himachal Pradesh,2019-07-31,Monthly,20.59,1916824.0,44.91,Rural,Pre-COVID,14.115,19.235,5.119999999999999,6.435000000000001,26.915,False,12.555,1.590990257669732,5.050313766074586,True,True,Noteworthy / unexplained
Himachal Pradesh,2019-08-31,Monthly,18.56,1969248.0,44.91,Rural,Pre-COVID,14.115,19.235,5.119999999999999,6.435000000000001,26.915,False,15.233333333333334,4.77347183225515,0.6969071534449663,False,False,Normal
Himachal Pradesh,2019-09-30,Monthly,15.98,2039804.0,45.02,Rural,Pre-COVID,14.115,19.235,5.119999999999999,6.435000000000001,26.915,False,16.86,4.810810742484057,-0.18292135091259315,False,False,Normal
Himachal Pradesh,2019-10-31,Monthly,15.81,1946957.0,42.81,Rural,Pre-COVID,14.115,19.235,5.119999999999999,6.435000000000001,26.915,False,18.376666666666665,2.3104617143188797,-1.11088907068227,False,False,Normal
Himachal Pradesh,2019-11-30,Monthly,22.86,2024409.0,48.5,Rural,Pre-COVID,14.115,19.235,5.119999999999999,6.435000000000001,26.915,False,16.78333333333333,1.540984533774861,3.943366421583095,True,True,Noteworthy / unexplained
Himachal Pradesh,2019-12-31,Monthly,19.46,1922821.0,44.05,Rural,Pre-COVID,14.115,19.235,5.119999999999999,6.435000000000001,26.915,False,18.216666666666665,4.022142878284328,0.30912211996399497,False,False,Normal
Himachal Pradesh,2020-01-31,Monthly,16.67,2041035.0,45.11,Rural,Pre-COVID,14.115,19.235,5.119999999999999,6.435000000000001,26.915,False,19.37666666666667,3.5257386932858967,-0.7676878243475622,False,False,Normal
Himachal Pradesh,2020-02-29,Monthly,15.42,1952464.0,42.45,Rural,Pre-COVID,14.115,19.235,5.119999999999999,6.435000000000001,26.915,False,19.663333333333334,3.1000053763394244,-1.3688148303613539,False,False,Normal
Himachal Pradesh,2020-03-31,Monthly,17.71,1800426.0,40.17,Rural,COVID,14.115,19.235,5.119999999999999,6.435000000000001,26.915,False,17.183333333333334,2.0683407198363915,0.2546324508412363,False,False,Normal
Himachal Pradesh,2020-04-30,Monthly,2.13,984171.0,18.43,Rural,COVID,14.115,19.235,5.119999999999999,6.435000000000001,26.915,True,16.6,1.1466036804406219,-12.619879254564582,True,True,Legitimate COVID extreme event
Himachal Pradesh,2020-05-31,Monthly,25.64,1732050.0,42.62,Rural,COVID,14.115,19.235,5.119999999999999,6.435000000000001,26.915,False,11.753333333333336,8.412338160899933,1.6507499343299223,False,False,Normal
Himachal Pradesh,2020-06-30,Monthly,1.12,2230075.0,41.2,Rural,COVID,14.115,19.235,5.119999999999999,6.435000000000001,26.915,True,15.160000000000002,11.960639615003874,-1.1738502665348851,False,True,COVID-period noteworthy anomaly
Himachal Pradesh,2019-05-31,Monthly,10.88,245668.0,45.27,Urban,Pre-COVID,13.5375,26.16,12.6225,-5.39625,45.09375,False,,,,False,False,Normal
Himachal Pradesh,2019-06-30,Monthly,21.43,237576.0,49.58,Urban,Pre-COVID,13.5375,26.16,12.6225,-5.39625,45.09375,False,,,,False,False,Normal
Himachal Pradesh,2019-07-31,Monthly,21.51,235894.0,49.22,Urban,Pre-COVID,13.5375,26.16,12.6225,-5.39625,45.09375,False,16.155,7.459976541518075,0.7178306754983816,False,False,Normal
Himachal Pradesh,2019-08-31,Monthly,24.48,236315.0,51.17,Urban,Pre-COVID,13.5375,26.16,12.6225,-5.39625,45.09375,False,17.94,6.114270193571755,1.0696288834071865,False,False,Normal
Himachal Pradesh,2019-09-30,Monthly,12.0,247210.0,45.87,Urban,Pre-COVID,13.5375,26.16,12.6225,-5.39625,45.09375,False,22.473333333333333,1.7382845950342278,-6.025097019931369,True,True,Noteworthy / unexplained
Himachal Pradesh,2019-10-31,Monthly,23.77,232322.0,49.69,Urban,Pre-COVID,13.5375,26.16,12.6225,-5.39625,45.09375,False,19.330000000000002,6.519348126921893,0.681049686803018,False,False,Normal
Himachal Pradesh,2019-11-30,Monthly,27.27,233029.0,52.17,Urban,Pre-COVID,13.5375,26.16,12.6225,-5.39625,45.09375,False,20.083333333333332,7.009367541606969,1.0252945966961022,False,False,Normal
Himachal Pradesh,2019-12-31,Monthly,25.32,241366.0,52.55,Urban,Pre-COVID,13.5375,26.16,12.6225,-5.39625,45.09375,False,21.013333333333332,7.9995395700836,0.538364318213087,False,False,Normal
Himachal Pradesh,2020-01-31,Monthly,18.15,246596.0,48.92,Urban,Pre-COVID,13.5375,26.16,12.6225,-5.39625,45.09375,False,25.453333333333333,1.7538053863907737,-4.164278083535344,True,True,Noteworthy / unexplained
Himachal Pradesh,2020-02-29,Monthly,27.31,227804.0,50.82,Urban,Pre-COVID,13.5375,26.16,12.6225,-5.39625,45.09375,False,23.580000000000002,4.802530582932292,0.7766738671599593,False,False,Normal
Himachal Pradesh,2020-03-31,Monthly,26.44,221432.0,48.74,Urban,COVID,13.5375,26.16,12.6225,-5.39625,45.09375,False,23.593333333333334,4.817928323806127,0.5908486958182521,False,False,Normal
Himachal Pradesh,2020-04-30,Monthly,2.7,146957.0,24.42,Urban,COVID,13.5375,26.16,12.6225,-5.39625,45.09375,False,23.96666666666667,5.056128294785776,-4.206116899485779,True,True,Legitimate COVID extreme event
Himachal Pradesh,2020-05-31,Monthly,50.0,134868.0,43.55,Urban,COVID,13.5375,26.16,12.6225,-5.39625,45.09375,True,18.816666666666666,13.96421975383277,2.2330881268732843,False,True,Legitimate COVID extreme event
Himachal Pradesh,2020-06-30,Monthly,10.81,224902.0,40.66,Urban,COVID,13.5375,26.16,12.6225,-5.39625,45.09375,False,26.38,23.650057082383544,-0.658349362361488,False,False,Normal
Jammu & Kashmir,2019-05-31,Monthly,12.78,2495186.0,40.57,Rural,Pre-COVID,12.434999999999999,19.119999999999997,6.684999999999999,2.4075000000000006,29.147499999999994,False,,,,False,False,Normal
Jammu & Kashmir,2019-06-30,Monthly,12.09,2423742.0,39.02,Rural,Pre-COVID,12.434999999999999,19.119999999999997,6.684999999999999,2.4075000000000006,29.147499999999994,False,,,,False,False,Normal
Jammu & Kashmir,2019-07-31,Monthly,13.67,2549316.0,41.71,Rural,Pre-COVID,12.434999999999999,19.119999999999997,6.684999999999999,2.4075000000000006,29.147499999999994,False,12.434999999999999,0.4879036790187168,2.531237318160547,False,False,Normal
Jammu & Kashmir,2019-08-31,Monthly,11.32,2778624.0,44.17,Rural,Pre-COVID,12.434999999999999,19.119999999999997,6.684999999999999,2.4075000000000006,29.147499999999994,False,12.846666666666666,0.7921068951431579,-1.9273492959441418,False,False,Normal
Jammu & Kashmir,2019-10-31,Monthly,19.27,2477621.0,43.08,Rural,Pre-COVID,12.434999999999999,19.119999999999997,6.684999999999999,2.4075000000000006,29.147499999999994,False,12.36,1.1980400661079742,5.767753679931796,True,True,Noteworthy / unexplained
Jammu & Kashmir,2019-11-30,Monthly,14.73,2415724.0,39.69,Rural,Pre-COVID,12.434999999999999,19.119999999999997,6.684999999999999,2.4075000000000006,29.147499999999994,False,14.753333333333336,4.084217591330479,-0.0057130485366070115,False,False,Normal
Jammu & Kashmir,2020-01-31,Monthly,22.19,2373488.0,42.56,Rural,Pre-COVID,12.434999999999999,19.119999999999997,6.684999999999999,2.4075000000000006,29.147499999999994,False,15.106666666666667,3.988362236975641,1.776000501575453,False,False,Normal
Jammu & Kashmir,2020-02-29,Monthly,21.23,2163397.0,38.25,Rural,Pre-COVID,12.434999999999999,19.119999999999997,6.684999999999999,2.4075000000000006,29.147499999999994,False,18.73,3.7592020429873165,0.6650347524320163,False,False,Normal
Jammu & Kashmir,2020-03-31,Monthly,16.0,2361004.0,39.06,Rural,COVID,12.434999999999999,19.119999999999997,6.684999999999999,2.4075000000000006,29.147499999999994,False,19.383333333333336,4.058390485566088,-0.8336638244561155,False,False,Normal
Jammu & Kashmir,2020-05-31,Monthly,2.22,2716966.0,38.46,Rural,COVID,12.434999999999999,19.119999999999997,6.684999999999999,2.4075000000000006,29.147499999999994,True,19.80666666666667,3.3314311239065644,-5.2790125362231315,True,True,Legitimate COVID extreme event
Jammu & Kashmir,2020-06-30,Monthly,18.97,2049617.0,34.94,Rural,COVID,12.434999999999999,19.119999999999997,6.684999999999999,2.4075000000000006,29.147499999999994,False,13.15,9.820229121563308,0.5926541965523404,False,False,Normal
Jammu & Kashmir,2019-05-31,Monthly,23.04,1130139.0,46.74,Urban,Pre-COVID,14.29,21.1325,6.842500000000001,4.026249999999997,31.396250000000002,False,,,,False,False,Normal
Jammu & Kashmir,2019-06-30,Monthly,19.88,1139815.0,45.17,Urban,Pre-COVID,14.29,21.1325,6.842500000000001,4.026249999999997,31.396250000000002,False,,,,False,False,Normal
Jammu & Kashmir,2019-07-31,Monthly,21.55,1183770.0,47.8,Urban,Pre-COVID,14.29,21.1325,6.842500000000001,4.026249999999997,31.396250000000002,False,21.46,2.2344574285494914,0.040278234371385536,False,False,Normal
Jammu & Kashmir,2019-10-31,Monthly,24.06,1029087.0,42.63,Urban,Pre-COVID,14.29,21.1325,6.842500000000001,4.026249999999997,31.396250000000002,False,21.49,1.5808541994757148,1.6257033702743318,False,False,Normal
Jammu & Kashmir,2019-11-30,Monthly,14.29,1226793.0,44.92,Urban,Pre-COVID,14.29,21.1325,6.842500000000001,4.026249999999997,31.396250000000002,False,21.83,2.104019961882491,-3.583616190244637,True,True,Noteworthy / unexplained
Jammu & Kashmir,2019-12-31,Monthly,7.02,1209085.0,40.71,Urban,Pre-COVID,14.29,21.1325,6.842500000000001,4.026249999999997,31.396250000000002,False,19.96666666666667,5.0737987083972245,-2.5516713237440247,False,False,Normal
Jammu & Kashmir,2020-01-31,Monthly,18.54,1079537.0,41.4,Urban,Pre-COVID,14.29,21.1325,6.842500000000001,4.026249999999997,31.396250000000002,False,15.123333333333333,8.550510705994899,0.3995862684870024,False,False,Normal
Jammu & Kashmir,2020-02-29,Monthly,19.86,1060116.0,41.23,Urban,Pre-COVID,14.29,21.1325,6.842500000000001,4.026249999999997,31.396250000000002,False,13.283333333333331,5.825601542616299,1.1289249047598031,False,False,Normal
Jammu & Kashmir,2020-03-31,Monthly,14.29,998103.0,36.21,Urban,COVID,14.29,21.1325,6.842500000000001,4.026249999999997,31.396250000000002,False,15.14,7.06303051104836,-0.12034494239694804,False,False,Normal
Jammu & Kashmir,2020-05-31,Monthly,12.96,937435.0,33.33,Urban,COVID,14.29,21.1325,6.842500000000001,4.026249999999997,31.396250000000002,False,17.563333333333333,2.910607038631869,-1.581571566423865,False,False,Normal
Jharkhand,2019-05-31,Monthly,7.11,7035766.0,39.04,Rural,Pre-COVID,7.112500000000001,14.377500000000001,7.265000000000001,-3.785,25.275000000000002,False,,,,False,False,Normal
Jharkhand,2019-06-30,Monthly,8.46,7319782.0,41.12,Rural,Pre-COVID,7.112500000000001,14.377500000000001,7.265000000000001,-3.785,25.275000000000002,False,,,,False,False,Normal
Jharkhand,2019-07-31,Monthly,9.98,6958404.0,39.66,Rural,Pre-COVID,7.112500000000001,14.377500000000001,7.265000000000001,-3.785,25.275000000000002,False,7.785,0.9545941546018398,2.2994064958584755,False,False,Normal
Jharkhand,2019-08-31,Monthly,12.06,7015356.0,40.83,Rural,Pre-COVID,7.112500000000001,14.377500000000001,7.265000000000001,-3.785,25.275000000000002,False,8.516666666666667,1.4358388953268169,2.4677791811224203,False,False,Normal
Jharkhand,2019-09-30,Monthly,7.12,7500122.0,41.24,Rural,Pre-COVID,7.112500000000001,14.377500000000001,7.265000000000001,-3.785,25.275000000000002,False,10.166666666666666,1.8072446799847914,-1.6858075170498246,False,False,Normal
Jharkhand,2019-10-31,Monthly,6.57,7761243.0,42.33,Rural,Pre-COVID,7.112500000000001,14.377500000000001,7.265000000000001,-3.785,25.275000000000002,False,9.72,2.480241923684059,-1.2700373983361704,False,False,Normal
Jharkhand,2019-11-30,Monthly,8.07,7279628.0,40.26,Rural,Pre-COVID,7.112500000000001,14.377500000000001,7.265000000000001,-3.785,25.275000000000002,False,8.583333333333334,3.0234141848799565,-0.16978597768724676,False,False,Normal
Jharkhand,2019-12-31,Monthly,15.15,6873437.0,41.09,Rural,Pre-COVID,7.112500000000001,14.377500000000001,7.265000000000001,-3.785,25.275000000000002,False,7.253333333333333,0.7588368291888141,10.406277559179742,True,True,Noteworthy / unexplained
Jharkhand,2020-01-31,Monthly,6.16,7868736.0,42.43,Rural,Pre-COVID,7.112500000000001,14.377500000000001,7.265000000000001,-3.785,25.275000000000002,False,9.93,4.582444762351206,-0.822704952381281,False,False,Normal
Jharkhand,2020-02-29,Monthly,9.06,7932402.0,44.05,Rural,Pre-COVID,7.112500000000001,14.377500000000001,7.265000000000001,-3.785,25.275000000000002,False,9.793333333333333,4.736288983300463,-0.1548328946816738,False,False,Normal
Jharkhand,2020-03-31,Monthly,5.01,7157454.0,37.96,Rural,COVID,7.112500000000001,14.377500000000001,7.265000000000001,-3.785,25.275000000000002,False,10.123333333333333,4.588358457371584,-1.1144145299106554,False,False,Normal
Jharkhand,2020-04-30,Monthly,41.72,4280434.0,36.92,Rural,COVID,7.112500000000001,14.377500000000001,7.265000000000001,-3.785,25.275000000000002,True,6.743333333333332,2.0870633275809647,16.758795099527134,True,True,Legitimate COVID extreme event
Jharkhand,2020-05-31,Monthly,55.1,3315038.0,37.03,Rural,COVID,7.112500000000001,14.377500000000001,7.265000000000001,-3.785,25.275000000000002,True,18.596666666666664,20.127519304010946,1.813603195802628,False,True,Legitimate COVID extreme event
Jharkhand,2020-06-30,Monthly,21.53,6375114.0,40.65,Rural,COVID,7.112500000000001,14.377500000000001,7.265000000000001,-3.785,25.275000000000002,False,33.94333333333333,25.934714830383875,-0.4786377415181931,False,False,Normal
Jharkhand,2019-05-31,Monthly,17.23,2404033.0,43.25,Urban,Pre-COVID,17.7675,21.7975,4.030000000000001,11.722499999999997,27.8425,False,,,,False,False,Normal
Jharkhand,2019-06-30,Monthly,20.51,2326911.0,43.51,Urban,Pre-COVID,17.7675,21.7975,4.030000000000001,11.722499999999997,27.8425,False,,,,False,False,Normal
Jharkhand,2019-07-31,Monthly,15.67,2434579.0,42.82,Urban,Pre-COVID,17.7675,21.7975,4.030000000000001,11.722499999999997,27.8425,False,18.87,2.3193102422918765,-1.3797205486566781,False,False,Normal
Jharkhand,2019-08-31,Monthly,20.25,2335406.0,43.35,Urban,Pre-COVID,17.7675,21.7975,4.030000000000001,11.722499999999997,27.8425,False,17.803333333333335,2.4704115716482016,0.9903882797287522,False,False,Normal
Jharkhand,2019-09-30,Monthly,21.16,2357627.0,44.18,Urban,Pre-COVID,17.7675,21.7975,4.030000000000001,11.722499999999997,27.8425,False,18.810000000000002,2.7224253892439365,0.8632008830378387,False,False,Normal
Jharkhand,2019-10-31,Monthly,19.05,2460196.0,44.82,Urban,Pre-COVID,17.7675,21.7975,4.030000000000001,11.722499999999997,27.8425,False,19.026666666666667,2.9423516671759904,0.007930164702483809,False,False,Normal
Jharkhand,2019-11-30,Monthly,17.34,2424281.0,43.17,Urban,Pre-COVID,17.7675,21.7975,4.030000000000001,11.722499999999997,27.8425,False,20.153333333333332,1.058316272828367,-2.6583105689329094,False,False,Normal
Jharkhand,2019-12-31,Monthly,22.01,2290170.0,43.14,Urban,Pre-COVID,17.7675,21.7975,4.030000000000001,11.722499999999997,27.8425,False,19.183333333333334,1.9134872179696776,1.4772331061954662,False,False,Normal
Jharkhand,2020-01-31,Monthly,22.96,2329293.0,44.33,Urban,Pre-COVID,17.7675,21.7975,4.030000000000001,11.722499999999997,27.8425,False,19.46666666666667,2.3627173621348225,1.4785235802292267,False,False,Normal
Jharkhand,2020-02-29,Monthly,19.67,2493023.0,45.42,Urban,Pre-COVID,17.7675,21.7975,4.030000000000001,11.722499999999997,27.8425,False,20.77,3.00820544511175,-0.3656665144953671,False,False,Normal
Jharkhand,2020-03-31,Monthly,16.4,2480661.0,43.34,Urban,COVID,17.7675,21.7975,4.030000000000001,11.722499999999997,27.8425,False,21.546666666666667,1.6932316242420276,-3.0395526477191597,True,True,COVID-period noteworthy anomaly
Jharkhand,2020-04-30,Monthly,61.48,1054829.0,39.92,Urban,COVID,17.7675,21.7975,4.030000000000001,11.722499999999997,27.8425,True,19.676666666666666,3.280005081296878,12.744898955096968,True,True,Legitimate COVID extreme event
Jharkhand,2020-05-31,Monthly,70.17,830347.0,40.49,Urban,COVID,17.7675,21.7975,4.030000000000001,11.722499999999997,27.8425,True,32.516666666666666,25.136213583858108,1.4979715702890681,False,True,Legitimate COVID extreme event
Jharkhand,2020-06-30,Monthly,19.38,2244460.0,40.43,Urban,COVID,17.7675,21.7975,4.030000000000001,11.722499999999997,27.8425,False,49.35,28.86444006039264,-1.0383017975506963,False,False,Normal
Karnataka,2019-05-31,Monthly,5.46,13911440.0,46.36,Rural,Pre-COVID,1.49,6.8425,5.3525,-6.53875,14.87125,False,,,,False,False,Normal
Karnataka,2019-06-30,Monthly,5.98,12888490.0,43.12,Rural,Pre-COVID,1.49,6.8425,5.3525,-6.53875,14.87125,False,,,,False,False,Normal
Karnataka,2019-07-31,Monthly,0.52,12169808.0,38.42,Rural,Pre-COVID,1.49,6.8425,5.3525,-6.53875,14.87125,False,5.720000000000001,0.36769552621700474,-14.142135623730953,True,True,Noteworthy / unexplained
Karnataka,2019-08-31,Monthly,0.37,12686470.0,39.93,Rural,Pre-COVID,1.49,6.8425,5.3525,-6.53875,14.87125,False,3.986666666666667,3.013458699457044,-1.2001713072484808,False,False,Normal
Karnataka,2019-09-30,Monthly,3.2,13741892.0,44.45,Rural,Pre-COVID,1.49,6.8425,5.3525,-6.53875,14.87125,False,2.29,3.1965137259207896,0.2846851532720589,False,False,Normal
Karnataka,2019-10-31,Monthly,7.13,12803527.0,43.1,Rural,Pre-COVID,1.49,6.8425,5.3525,-6.53875,14.87125,False,1.3633333333333333,1.5923672105809459,3.6214427352864194,True,True,Noteworthy / unexplained
Karnataka,2019-11-30,Monthly,1.19,11537217.0,36.45,Rural,Pre-COVID,1.49,6.8425,5.3525,-6.53875,14.87125,False,3.566666666666667,3.3948834049689154,-0.7000731345259348,False,False,Normal
Karnataka,2019-12-31,Monthly,0.41,12756132.0,39.92,Rural,Pre-COVID,1.49,6.8425,5.3525,-6.53875,14.87125,False,3.8400000000000003,3.021274565477293,-1.1352824530391987,False,False,Normal
Karnataka,2020-01-31,Monthly,2.57,13938874.0,44.52,Rural,Pre-COVID,1.49,6.8425,5.3525,-6.53875,14.87125,False,2.91,3.675377531628555,-0.09250750353511214,False,False,Normal
Karnataka,2020-02-29,Monthly,4.11,12753657.0,41.33,Rural,Pre-COVID,1.49,6.8425,5.3525,-6.53875,14.87125,False,1.3900000000000003,1.093800713110032,2.486741841908434,False,False,Normal
Karnataka,2020-03-31,Monthly,2.39,12853818.0,40.85,Rural,COVID,1.49,6.8425,5.3525,-6.53875,14.87125,False,2.3633333333333337,1.8586374937930596,0.014347427486919865,False,False,Normal
Karnataka,2020-04-30,Monthly,33.17,9330400.0,43.25,Rural,COVID,1.49,6.8425,5.3525,-6.53875,14.87125,True,3.0233333333333334,0.9453747052536062,31.88859031147816,True,True,Legitimate COVID extreme event
Karnataka,2020-05-31,Monthly,23.72,10626328.0,43.09,Rural,COVID,1.49,6.8425,5.3525,-6.53875,14.87125,True,13.223333333333334,17.2957143053802,0.6068940826226212,False,True,Legitimate COVID extreme event
Karnataka,2020-06-30,Monthly,10.92,15396213.0,53.37,Rural,COVID,1.49,6.8425,5.3525,-6.53875,14.87125,False,19.76,15.767476018691132,-0.5606477529771322,False,False,Normal
Karnataka,2019-05-31,Monthly,6.56,8638239.0,40.62,Urban,Pre-COVID,2.9875,5.84,2.8525,-1.2912500000000007,10.11875,False,,,,False,False,Normal
Karnataka,2019-06-30,Monthly,5.0,8862498.0,40.89,Urban,Pre-COVID,2.9875,5.84,2.8525,-1.2912500000000007,10.11875,False,,,,False,False,Normal
Karnataka,2019-07-31,Monthly,2.29,8738029.0,39.09,Urban,Pre-COVID,2.9875,5.84,2.8525,-1.2912500000000007,10.11875,False,5.779999999999999,1.1030865786510136,-3.1638495722321176,True,True,Noteworthy / unexplained
Karnataka,2019-08-31,Monthly,1.27,8614340.0,38.04,Urban,Pre-COVID,2.9875,5.84,2.8525,-1.2912500000000007,10.11875,False,4.616666666666666,2.160655764654178,-1.5489124743581328,False,False,Normal
Karnataka,2019-09-30,Monthly,3.57,8647794.0,39.0,Urban,Pre-COVID,2.9875,5.84,2.8525,-1.2912500000000007,10.11875,False,2.8533333333333335,1.9277534420494054,0.3717626180995294,False,False,Normal
Karnataka,2019-10-31,Monthly,3.87,8799249.0,39.7,Urban,Pre-COVID,2.9875,5.84,2.8525,-1.2912500000000007,10.11875,False,2.3766666666666665,1.152446672663568,1.2957938694741498,False,False,Normal
Karnataka,2019-11-30,Monthly,3.44,8613835.0,38.6,Urban,Pre-COVID,2.9875,5.84,2.8525,-1.2912500000000007,10.11875,False,2.9033333333333338,1.4224392195567899,0.37728618508837464,False,False,Normal
Karnataka,2019-12-31,Monthly,1.56,8592376.0,37.66,Urban,Pre-COVID,2.9875,5.84,2.8525,-1.2912500000000007,10.11875,False,3.626666666666667,0.22052966542696634,-9.371377146314552,True,True,Noteworthy / unexplained
Karnataka,2020-01-31,Monthly,3.31,8749154.0,38.94,Urban,Pre-COVID,2.9875,5.84,2.8525,-1.2912500000000007,10.11875,False,2.956666666666667,1.2285085808952778,0.2876116120213347,False,False,Normal
Karnataka,2020-02-29,Monthly,2.88,8924061.0,39.45,Urban,Pre-COVID,2.9875,5.84,2.8525,-1.2912500000000007,10.11875,False,2.77,1.0499047575851803,0.10477140826850231,False,False,Normal
Karnataka,2020-03-31,Monthly,4.92,9225835.0,41.55,Urban,COVID,2.9875,5.84,2.8525,-1.2912500000000007,10.11875,False,2.5833333333333335,0.9119393254670671,2.5623049707499983,False,False,Normal
Karnataka,2020-04-30,Monthly,25.12,7387995.0,42.14,Urban,COVID,2.9875,5.84,2.8525,-1.2912500000000007,10.11875,True,3.703333333333333,1.0753759032697956,19.91551661288578,True,True,Legitimate COVID extreme event
Karnataka,2020-05-31,Monthly,15.88,8669258.0,43.9,Urban,COVID,2.9875,5.84,2.8525,-1.2912500000000007,10.11875,True,10.973333333333334,12.293759934752806,0.3991184708915764,False,True,Legitimate COVID extreme event
Karnataka,2020-06-30,Monthly,6.12,8822411.0,39.93,Urban,COVID,2.9875,5.84,2.8525,-1.2912500000000007,10.11875,False,15.306666666666667,10.11219725546003,-0.9084738395215118,False,False,Normal
Kerala,2019-05-31,Monthly,6.63,5184355.0,38.07,Rural,Pre-COVID,5.67,10.6125,4.942500000000001,-1.7437500000000012,18.02625,False,,,,False,False,Normal
Kerala,2019-06-30,Monthly,9.0,5605627.0,42.19,Rural,Pre-COVID,5.67,10.6125,4.942500000000001,-1.7437500000000012,18.02625,False,,,,False,False,Normal
Kerala,2019-07-31,Monthly,4.95,4855393.0,34.96,Rural,Pre-COVID,5.67,10.6125,4.942500000000001,-1.7437500000000012,18.02625,False,7.8149999999999995,1.675843071412118,-1.7095872810965889,False,False,Normal
Kerala,2019-08-31,Monthly,10.32,5233449.0,39.9,Rural,Pre-COVID,5.67,10.6125,4.942500000000001,-1.7437500000000012,18.02625,False,6.859999999999999,2.034772714580181,1.7004356187830423,False,False,Normal
Kerala,2019-09-30,Monthly,5.35,5400499.0,38.97,Rural,Pre-COVID,5.67,10.6125,4.942500000000001,-1.7437500000000012,18.02625,False,8.09,2.7982673210399325,-0.9791773571446069,False,False,Normal
Kerala,2019-10-31,Monthly,9.14,5328825.0,40.02,Rural,Pre-COVID,5.67,10.6125,4.942500000000001,-1.7437500000000012,18.02625,False,6.873333333333332,2.9915937781278616,0.7576786271046291,False,False,Normal
Kerala,2019-11-30,Monthly,5.0,4557906.0,32.71,Rural,Pre-COVID,5.67,10.6125,4.942500000000001,-1.7437500000000012,18.02625,False,8.270000000000001,2.596709456215694,-1.2592860522661342,False,False,Normal
Kerala,2019-12-31,Monthly,10.77,5065804.0,38.67,Rural,Pre-COVID,5.67,10.6125,4.942500000000001,-1.7437500000000012,18.02625,False,6.496666666666667,2.2958731091533204,1.8613107650837317,False,False,Normal
Kerala,2020-01-31,Monthly,4.11,5307026.0,37.66,Rural,Pre-COVID,5.67,10.6125,4.942500000000001,-1.7437500000000012,18.02625,False,8.303333333333333,2.9745980120569797,-1.4097142929351918,False,False,Normal
Kerala,2020-02-29,Monthly,8.91,5203579.0,38.84,Rural,Pre-COVID,5.67,10.6125,4.942500000000001,-1.7437500000000012,18.02625,False,6.626666666666666,3.6157203062921406,0.6315016483326537,False,False,Normal
Kerala,2020-03-31,Monthly,8.85,4141953.0,30.87,Rural,COVID,5.67,10.6125,4.942500000000001,-1.7437500000000012,18.02625,False,7.93,3.4364516583243243,0.2677180101665124,False,False,Normal
Kerala,2020-04-30,Monthly,10.71,1754170.0,13.33,Rural,COVID,5.67,10.6125,4.942500000000001,-1.7437500000000012,18.02625,False,7.289999999999999,2.75412418020684,1.241774072708353,False,False,Normal
Kerala,2020-05-31,Monthly,23.38,3799919.0,33.62,Rural,COVID,5.67,10.6125,4.942500000000001,-1.7437500000000012,18.02625,True,9.49,1.056976820937907,13.141253171166731,True,True,Legitimate COVID extreme event
Kerala,2020-06-30,Monthly,27.66,3952088.0,37.01,Rural,COVID,5.67,10.6125,4.942500000000001,-1.7437500000000012,18.02625,True,14.313333333333333,7.906847243581561,1.6879884302179884,False,True,COVID-period noteworthy anomaly
Kerala,2019-05-31,Monthly,6.11,4605913.0,36.65,Urban,Pre-COVID,6.245,8.7775,2.5324999999999998,2.4462500000000005,12.57625,False,,,,False,False,Normal
Kerala,2019-06-30,Monthly,6.67,4678374.0,37.42,Urban,Pre-COVID,6.245,8.7775,2.5324999999999998,2.4462500000000005,12.57625,False,,,,False,False,Normal
Kerala,2019-07-31,Monthly,7.58,4105211.0,33.13,Urban,Pre-COVID,6.245,8.7775,2.5324999999999998,2.4462500000000005,12.57625,False,6.390000000000001,0.395979797464466,3.0052038200428304,True,True,Noteworthy / unexplained
Kerala,2019-08-31,Monthly,7.69,4448650.0,35.91,Urban,Pre-COVID,6.245,8.7775,2.5324999999999998,2.4462500000000005,12.57625,False,6.786666666666666,0.7419119444606164,1.2175748619198659,False,False,Normal
Kerala,2019-09-30,Monthly,5.52,4640642.0,36.57,Urban,Pre-COVID,6.245,8.7775,2.5324999999999998,2.4462500000000005,12.57625,False,7.3133333333333335,0.5598511706992608,-3.203232264556023,True,True,Noteworthy / unexplained
Kerala,2019-10-31,Monthly,5.35,4644510.0,36.49,Urban,Pre-COVID,6.245,8.7775,2.5324999999999998,2.4462500000000005,12.57625,False,6.93,1.2223338332877807,-1.2926092340503939,False,False,Normal
Kerala,2019-11-30,Monthly,6.71,4062767.0,32.36,Urban,Pre-COVID,6.245,8.7775,2.5324999999999998,2.4462500000000005,12.57625,False,6.186666666666667,1.3046966441795322,0.40111495317168877,False,False,Normal
Kerala,2019-12-31,Monthly,7.31,4440283.0,35.56,Urban,Pre-COVID,6.245,8.7775,2.5324999999999998,2.4462500000000005,12.57625,False,5.859999999999999,0.7410128204019137,1.9567812594842056,False,False,Normal
Kerala,2020-01-31,Monthly,6.65,4597507.0,36.53,Urban,Pre-COVID,6.245,8.7775,2.5324999999999998,2.4462500000000005,12.57625,False,6.456666666666666,1.0042576030746955,0.19251368646989905,False,False,Normal
Kerala,2020-02-29,Monthly,6.08,4624444.0,36.48,Urban,Pre-COVID,6.245,8.7775,2.5324999999999998,2.4462500000000005,12.57625,False,6.890000000000001,0.3649657518178921,-2.219386328622331,False,False,Normal
Kerala,2020-03-31,Monthly,9.14,4079775.0,33.24,Urban,COVID,6.245,8.7775,2.5324999999999998,2.4462500000000005,12.57625,False,6.68,0.6155485358604948,3.9964354663943578,True,True,COVID-period noteworthy anomaly
Kerala,2020-04-30,Monthly,21.43,2179106.0,20.51,Urban,COVID,6.245,8.7775,2.5324999999999998,2.4462500000000005,12.57625,True,7.29,1.6272983746074352,8.689248524205706,True,True,Legitimate COVID extreme event
Kerala,2020-05-31,Monthly,30.28,2826118.0,29.95,Urban,COVID,6.245,8.7775,2.5324999999999998,2.4462500000000005,12.57625,True,12.216666666666667,8.12434817898232,2.2233578541184578,False,True,Legitimate COVID extreme event
Kerala,2020-06-30,Monthly,12.17,4601293.0,38.68,Urban,COVID,6.245,8.7775,2.5324999999999998,2.4462500000000005,12.57625,False,20.283333333333335,10.616545263565422,-0.7642159602688476,False,False,Normal
Madhya Pradesh,2019-05-31,Monthly,3.63,15349838.0,37.97,Rural,Pre-COVID,3.005,4.8100000000000005,1.8050000000000006,0.297499999999999,7.517500000000002,False,,,,False,False,Normal
Madhya Pradesh,2019-06-30,Monthly,4.25,16294794.0,40.48,Rural,Pre-COVID,3.005,4.8100000000000005,1.8050000000000006,0.297499999999999,7.517500000000002,False,,,,False,False,Normal
Madhya Pradesh,2019-07-31,Monthly,3.92,16274707.0,40.2,Rural,Pre-COVID,3.005,4.8100000000000005,1.8050000000000006,0.297499999999999,7.517500000000002,False,3.94,0.4384062043356595,-0.045619792334616,False,False,Normal
Madhya Pradesh,2019-08-31,Monthly,4.94,16559137.0,41.25,Rural,Pre-COVID,3.005,4.8100000000000005,1.8050000000000006,0.297499999999999,7.517500000000002,False,3.9333333333333336,0.31021497922139957,3.2450614383395444,True,True,Noteworthy / unexplained
Madhya Pradesh,2019-09-30,Monthly,3.08,16159315.0,39.4,Rural,Pre-COVID,3.005,4.8100000000000005,1.8050000000000006,0.297499999999999,7.517500000000002,False,4.37,0.5204805471869245,-2.478478796128209,False,False,Normal
Madhya Pradesh,2019-10-31,Monthly,2.98,17060638.0,41.46,Rural,Pre-COVID,3.005,4.8100000000000005,1.8050000000000006,0.297499999999999,7.517500000000002,False,3.98,0.9314504817756015,-1.073594377334718,False,False,Normal
Madhya Pradesh,2019-11-30,Monthly,2.72,16306428.0,39.44,Rural,Pre-COVID,3.005,4.8100000000000005,1.8050000000000006,0.297499999999999,7.517500000000002,False,3.6666666666666665,1.1038719732529372,-0.857587373902599,False,False,Normal
Madhya Pradesh,2019-12-31,Monthly,2.94,16854647.0,40.77,Rural,Pre-COVID,3.005,4.8100000000000005,1.8050000000000006,0.297499999999999,7.517500000000002,False,2.926666666666667,0.1858314648635478,0.07174960033341579,False,False,Normal
Madhya Pradesh,2020-01-31,Monthly,3.66,16183702.0,39.35,Rural,Pre-COVID,3.005,4.8100000000000005,1.8050000000000006,0.297499999999999,7.517500000000002,False,2.8800000000000003,0.139999999999995,5.571428571428769,True,True,Noteworthy / unexplained
Madhya Pradesh,2020-02-29,Monthly,4.42,16178044.0,39.57,Rural,Pre-COVID,3.005,4.8100000000000005,1.8050000000000006,0.297499999999999,7.517500000000002,False,3.106666666666667,0.491663841799793,2.671201788046326,False,False,Normal
Madhya Pradesh,2020-03-31,Monthly,1.19,16480441.0,38.9,Rural,COVID,3.005,4.8100000000000005,1.8050000000000006,0.297499999999999,7.517500000000002,False,3.6733333333333333,0.7400900846068211,-3.355447377264383,True,True,COVID-period noteworthy anomaly
Madhya Pradesh,2020-04-30,Monthly,12.5,14238959.0,37.88,Rural,COVID,3.005,4.8100000000000005,1.8050000000000006,0.297499999999999,7.517500000000002,True,3.0900000000000003,1.6887569392899613,5.572145867217836,True,True,Legitimate COVID extreme event
Madhya Pradesh,2020-05-31,Monthly,22.46,13099601.0,39.24,Rural,COVID,3.005,4.8100000000000005,1.8050000000000006,0.297499999999999,7.517500000000002,True,6.036666666666666,5.825738865872151,2.81909878067881,False,True,Legitimate COVID extreme event
Madhya Pradesh,2020-06-30,Monthly,6.46,16748971.0,41.5,Rural,COVID,3.005,4.8100000000000005,1.8050000000000006,0.297499999999999,7.517500000000002,False,12.049999999999999,10.64213794310147,-0.5252703949043991,False,False,Normal
Madhya Pradesh,2019-05-31,Monthly,3.91,6692720.0,38.96,Urban,Pre-COVID,5.0125,7.285,2.2725,1.6037500000000002,10.69375,False,,,,False,False,Normal
Madhya Pradesh,2019-06-30,Monthly,6.38,6509340.0,38.8,Urban,Pre-COVID,5.0125,7.285,2.2725,1.6037500000000002,10.69375,False,,,,False,False,Normal
Madhya Pradesh,2019-07-31,Monthly,7.38,6266446.0,37.67,Urban,Pre-COVID,5.0125,7.285,2.2725,1.6037500000000002,10.69375,False,5.145,1.7465537495307726,1.2796628793133067,False,False,Normal
Madhya Pradesh,2019-08-31,Monthly,6.82,6809834.0,40.6,Urban,Pre-COVID,5.0125,7.285,2.2725,1.6037500000000002,10.69375,False,5.890000000000001,1.786141091851369,0.5206755525880865,False,False,Normal
Madhya Pradesh,2019-09-30,Monthly,7.0,6655967.0,39.67,Urban,Pre-COVID,5.0125,7.285,2.2725,1.6037500000000002,10.69375,False,6.859999999999999,0.5011985634456688,0.2793304095636677,False,False,Normal
Madhya Pradesh,2019-10-31,Monthly,4.4,6603715.0,38.2,Urban,Pre-COVID,5.0125,7.285,2.2725,1.6037500000000002,10.69375,False,7.066666666666667,0.2858904218985583,-9.327583096200659,True,True,Noteworthy / unexplained
Madhya Pradesh,2019-11-30,Monthly,6.06,6459457.0,37.94,Urban,Pre-COVID,5.0125,7.285,2.2725,1.6037500000000002,10.69375,False,6.073333333333333,1.4519412292972933,-0.009183108148107808,False,False,Normal
Madhya Pradesh,2019-12-31,Monthly,6.2,6787403.0,39.83,Urban,Pre-COVID,5.0125,7.285,2.2725,1.6037500000000002,10.69375,False,5.82,1.3165105392665877,0.2886418214408624,False,False,Normal
Madhya Pradesh,2020-01-31,Monthly,5.17,6834930.0,39.59,Urban,Pre-COVID,5.0125,7.285,2.2725,1.6037500000000002,10.69375,False,5.553333333333334,1.001265865458987,-0.38284869839002367,False,False,Normal
Madhya Pradesh,2020-02-29,Monthly,4.96,6533435.0,37.68,Urban,Pre-COVID,5.0125,7.285,2.2725,1.6037500000000002,10.69375,False,5.81,0.5586591089385385,-1.5215002966925817,False,False,Normal
Madhya Pradesh,2020-03-31,Monthly,4.8,6386723.0,36.68,Urban,COVID,5.0125,7.285,2.2725,1.6037500000000002,10.69375,False,5.443333333333334,0.6636515149785579,-0.9693842608859562,False,False,Normal
Madhya Pradesh,2020-04-30,Monthly,11.94,4802873.0,29.76,Urban,COVID,5.0125,7.285,2.2725,1.6037500000000002,10.69375,True,4.976666666666667,0.1855622087962276,37.525600597802836,True,True,Legitimate COVID extreme event
Madhya Pradesh,2020-05-31,Monthly,40.49,3879934.0,35.49,Urban,COVID,5.0125,7.285,2.2725,1.6037500000000002,10.69375,True,7.233333333333333,4.076877890412384,8.157386009739598,True,True,Legitimate COVID extreme event
Madhya Pradesh,2020-06-30,Monthly,12.72,6221562.0,38.72,Urban,COVID,5.0125,7.285,2.2725,1.6037500000000002,10.69375,True,19.076666666666668,18.884994925425143,-0.33659880194665,False,True,COVID-period noteworthy anomaly
Maharashtra,2019-05-31,Monthly,3.67,23896858.0,47.11,Rural,Pre-COVID,3.7,5.135,1.4349999999999996,1.5475000000000008,7.2875,False,,,,False,False,Normal
Maharashtra,2019-06-30,Monthly,4.34,23056511.0,45.69,Rural,Pre-COVID,3.7,5.135,1.4349999999999996,1.5475000000000008,7.2875,False,,,,False,False,Normal
Maharashtra,2019-07-31,Monthly,3.66,24843750.0,48.8,Rural,Pre-COVID,3.7,5.135,1.4349999999999996,1.5475000000000008,7.2875,False,4.005,0.4737615433949868,-0.7282144462965933,False,False,Normal
Maharashtra,2019-08-31,Monthly,3.76,26835389.0,52.67,Rural,Pre-COVID,3.7,5.135,1.4349999999999996,1.5475000000000008,7.2875,False,3.89,0.3897435053981015,-0.3335527037640114,False,False,Normal
Maharashtra,2019-09-30,Monthly,4.4,25219281.0,49.74,Rural,Pre-COVID,3.7,5.135,1.4349999999999996,1.5475000000000008,7.2875,False,3.92,0.3671511950137163,1.3073633056868255,False,False,Normal
Maharashtra,2019-10-31,Monthly,3.81,24330249.0,47.61,Rural,Pre-COVID,3.7,5.135,1.4349999999999996,1.5475000000000008,7.2875,False,3.94,0.4014971979976949,-0.32378806290136614,False,False,Normal
Maharashtra,2019-11-30,Monthly,3.68,24881383.0,48.53,Rural,Pre-COVID,3.7,5.135,1.4349999999999996,1.5475000000000008,7.2875,False,3.99,0.35594943461115414,-0.8709102188591755,False,False,Normal
Maharashtra,2019-12-31,Monthly,3.03,26357625.0,50.98,Rural,Pre-COVID,3.7,5.135,1.4349999999999996,1.5475000000000008,7.2875,False,3.9633333333333334,0.3837099599089573,-2.4323927727984573,False,False,Normal
Maharashtra,2020-01-31,Monthly,3.8,25881398.0,50.36,Rural,Pre-COVID,3.7,5.135,1.4349999999999996,1.5475000000000008,7.2875,False,3.5066666666666664,0.41789153297636217,0.7019365318175176,False,False,Normal
Maharashtra,2020-02-29,Monthly,4.24,25293535.0,49.36,Rural,Pre-COVID,3.7,5.135,1.4349999999999996,1.5475000000000008,7.2875,False,3.5033333333333334,0.41428653530296383,1.7781573956487613,False,False,Normal
Maharashtra,2020-03-31,Monthly,5.38,23130976.0,45.6,Rural,COVID,3.7,5.135,1.4349999999999996,1.5475000000000008,7.2875,False,3.69,0.612454079911303,2.759390549320448,False,False,Normal
Maharashtra,2020-04-30,Monthly,25.28,15014802.0,37.42,Rural,COVID,3.7,5.135,1.4349999999999996,1.5475000000000008,7.2875,True,4.473333333333334,0.8154344445345282,25.516050745861822,True,True,Legitimate COVID extreme event
Maharashtra,2020-05-31,Monthly,16.89,18423447.0,41.21,Rural,COVID,3.7,5.135,1.4349999999999996,1.5475000000000008,7.2875,True,11.633333333333335,11.832097588058229,0.44427174704610767,False,True,Legitimate COVID extreme event
Maharashtra,2020-06-30,Monthly,9.4,23601016.0,48.34,Rural,COVID,3.7,5.135,1.4349999999999996,1.5475000000000008,7.2875,True,15.85,9.990680657492764,-0.6456016582976916,False,True,COVID-period noteworthy anomaly
Maharashtra,2019-05-31,Monthly,6.08,16962574.0,38.3,Urban,Pre-COVID,6.3774999999999995,7.7725,1.3950000000000005,4.284999999999998,9.865,False,,,,False,False,Normal
Maharashtra,2019-06-30,Monthly,6.46,17375053.0,39.3,Urban,Pre-COVID,6.3774999999999995,7.7725,1.3950000000000005,4.284999999999998,9.865,False,,,,False,False,Normal
Maharashtra,2019-07-31,Monthly,6.35,17215677.0,38.81,Urban,Pre-COVID,6.3774999999999995,7.7725,1.3950000000000005,4.284999999999998,9.865,False,6.27,0.2687005768508883,0.2977291710259148,False,False,Normal
Maharashtra,2019-08-31,Monthly,7.57,16602767.0,37.84,Urban,Pre-COVID,6.3774999999999995,7.7725,1.3950000000000005,4.284999999999998,9.865,False,6.296666666666667,0.19553345834749972,6.51209948463337,True,True,Noteworthy / unexplained
Maharashtra,2019-09-30,Monthly,7.6,17396398.0,39.58,Urban,Pre-COVID,6.3774999999999995,7.7725,1.3950000000000005,4.284999999999998,9.865,False,6.793333333333333,0.6748580097571151,1.1953131695910229,False,False,Normal
Maharashtra,2019-10-31,Monthly,7.51,17221991.0,39.05,Urban,Pre-COVID,6.3774999999999995,7.7725,1.3950000000000005,4.284999999999998,9.865,False,7.173333333333333,0.7131853429041674,0.47206055202385966,False,False,Normal
Maharashtra,2019-11-30,Monthly,7.6,17486683.0,39.61,Urban,Pre-COVID,6.3774999999999995,7.7725,1.3950000000000005,4.284999999999998,9.865,False,7.56,0.04582575694957664,0.8728715609436228,False,False,Normal
Maharashtra,2019-12-31,Monthly,7.83,16581144.0,37.57,Urban,Pre-COVID,6.3774999999999995,7.7725,1.3950000000000005,4.284999999999998,9.865,False,7.57,0.051961524227082376,5.003702332975206,True,True,Noteworthy / unexplained
Maharashtra,2020-01-31,Monthly,6.67,16715470.0,37.32,Urban,Pre-COVID,6.3774999999999995,7.7725,1.3950000000000005,4.284999999999998,9.865,False,7.646666666666666,0.16502525059315942,-5.918286220782447,True,True,Noteworthy / unexplained
Maharashtra,2020-02-29,Monthly,5.34,17122782.0,37.61,Urban,Pre-COVID,6.3774999999999995,7.7725,1.3950000000000005,4.284999999999998,9.865,False,7.366666666666667,0.6141932377789052,-3.299721556680861,True,True,Noteworthy / unexplained
Maharashtra,2020-03-31,Monthly,6.34,17065830.0,37.8,Urban,COVID,6.3774999999999995,7.7725,1.3950000000000005,4.284999999999998,9.865,False,6.613333333333333,1.2459668267387118,-0.2193744869185457,False,False,Normal
Maharashtra,2020-04-30,Monthly,14.99,12674451.0,30.86,Urban,COVID,6.3774999999999995,7.7725,1.3950000000000005,4.284999999999998,9.865,True,6.116666666666667,0.6925556536000086,12.812448049782585,True,True,Legitimate COVID extreme event
Maharashtra,2020-05-31,Monthly,15.92,12365754.0,30.38,Urban,COVID,6.3774999999999995,7.7725,1.3950000000000005,4.284999999999998,9.865,True,8.889999999999999,5.30636410360239,1.3248242794397518,False,True,Legitimate COVID extreme event
Maharashtra,2020-06-30,Monthly,10.01,16172690.0,37.04,Urban,COVID,6.3774999999999995,7.7725,1.3950000000000005,4.284999999999998,9.865,True,12.416666666666666,5.28305151719471,-0.4555448037623153,False,True,COVID-period noteworthy anomaly
Meghalaya,2019-05-31,Monthly,3.16,1119011.0,66.13,Rural,Pre-COVID,1.0925,3.5650000000000004,2.4725,-2.61625,7.273750000000001,False,,,,False,False,Normal
Meghalaya,2019-06-30,Monthly,4.23,1024797.0,61.09,Rural,Pre-COVID,1.0925,3.5650000000000004,2.4725,-2.61625,7.273750000000001,False,,,,False,False,Normal
Meghalaya,2019-07-31,Monthly,1.03,1158511.0,66.67,Rural,Pre-COVID,1.0925,3.5650000000000004,2.4725,-2.61625,7.273750000000001,False,3.6950000000000003,0.7566042558696061,-3.5223169567516797,True,True,Noteworthy / unexplained
Meghalaya,2019-08-31,Monthly,0.52,1065725.0,60.86,Rural,Pre-COVID,1.0925,3.5650000000000004,2.4725,-2.61625,7.273750000000001,False,2.8066666666666666,1.6289976468163896,-1.4037261939178267,False,False,Normal
Meghalaya,2019-09-30,Monthly,0.24,1162159.0,66.02,Rural,Pre-COVID,1.0925,3.5650000000000004,2.4725,-2.61625,7.273750000000001,False,1.9266666666666667,2.010978203097521,-0.8387294621436893,False,False,Normal
Meghalaya,2019-10-31,Monthly,3.7,1080609.0,63.44,Rural,Pre-COVID,1.0925,3.5650000000000004,2.4725,-2.61625,7.273750000000001,False,0.5966666666666667,0.4005413004090042,7.747848549361653,True,True,Noteworthy / unexplained
Meghalaya,2019-11-30,Monthly,1.5,1205703.0,69.03,Rural,Pre-COVID,1.0925,3.5650000000000004,2.4725,-2.61625,7.273750000000001,False,1.4866666666666666,1.9219087734159848,0.006937547462065467,False,False,Normal
Meghalaya,2019-12-31,Monthly,1.8,1102997.0,63.18,Rural,Pre-COVID,1.0925,3.5650000000000004,2.4725,-2.61625,7.273750000000001,False,1.8133333333333332,1.751152001778639,-0.007614035400576635,False,False,Normal
Meghalaya,2020-01-31,Monthly,0.97,1229406.0,69.66,Rural,Pre-COVID,1.0925,3.5650000000000004,2.4725,-2.61625,7.273750000000001,False,2.3333333333333335,1.1930353445448854,-1.1427434564844454,False,False,Normal
Meghalaya,2020-02-29,Monthly,2.76,1112864.0,64.06,Rural,Pre-COVID,1.0925,3.5650000000000004,2.4725,-2.61625,7.273750000000001,False,1.4233333333333331,0.42027768598075077,3.1804369141022817,True,True,Noteworthy / unexplained
Meghalaya,2020-03-31,Monthly,1.28,1192616.0,67.46,Rural,COVID,1.0925,3.5650000000000004,2.4725,-2.61625,7.273750000000001,False,1.843333333333333,0.8957864328808144,-0.6288701331651952,False,False,Normal
Meghalaya,2020-04-30,Monthly,8.38,803118.0,48.83,Rural,COVID,1.0925,3.5650000000000004,2.4725,-2.61625,7.273750000000001,True,1.67,0.9566085928947119,7.014363084169504,True,True,Legitimate COVID extreme event
Meghalaya,2020-05-31,Monthly,3.73,992148.0,57.26,Rural,COVID,1.0925,3.5650000000000004,2.4725,-2.61625,7.273750000000001,False,4.14,3.7457709486833286,-0.10945677288252724,False,False,Normal
Meghalaya,2020-06-30,Monthly,1.35,1150200.0,64.63,Rural,COVID,1.0925,3.5650000000000004,2.4725,-2.61625,7.273750000000001,False,4.463333333333334,3.606360122524279,-0.8632896404017881,False,False,Normal
Meghalaya,2019-05-31,Monthly,8.4,228978.0,47.79,Urban,Pre-COVID,4.76,8.4,3.6400000000000006,-0.7000000000000011,13.860000000000001,False,,,,False,False,Normal
Meghalaya,2019-06-30,Monthly,8.66,231252.0,48.29,Urban,Pre-COVID,4.76,8.4,3.6400000000000006,-0.7000000000000011,13.860000000000001,False,,,,False,False,Normal
Meghalaya,2019-07-31,Monthly,4.43,284015.0,56.55,Urban,Pre-COVID,4.76,8.4,3.6400000000000006,-0.7000000000000011,13.860000000000001,False,8.530000000000001,0.18384776310850157,-22.301060022037372,True,True,Noteworthy / unexplained
Meghalaya,2019-08-31,Monthly,5.8,259433.0,52.27,Urban,Pre-COVID,4.76,8.4,3.6400000000000006,-0.7000000000000011,13.860000000000001,False,7.163333333333334,2.3707031305782125,-0.5750755190511004,False,False,Normal
Meghalaya,2019-09-30,Monthly,5.3,253887.0,50.77,Urban,Pre-COVID,4.76,8.4,3.6400000000000006,-0.7000000000000011,13.860000000000001,False,6.296666666666667,2.158294079437123,-0.46178446031163417,False,False,Normal
Meghalaya,2019-10-31,Monthly,7.2,234375.0,47.71,Urban,Pre-COVID,4.76,8.4,3.6400000000000006,-0.7000000000000011,13.860000000000001,False,5.176666666666667,0.693277241320771,2.9185053435169115,False,False,Normal
Meghalaya,2019-11-30,Monthly,3.02,293431.0,57.02,Urban,Pre-COVID,4.76,8.4,3.6400000000000006,-0.7000000000000011,13.860000000000001,False,6.1000000000000005,0.9848857801796125,-3.1272661886115407,True,True,Noteworthy / unexplained
Meghalaya,2019-12-31,Monthly,5.21,267417.0,53.04,Urban,Pre-COVID,4.76,8.4,3.6400000000000006,-0.7000000000000011,13.860000000000001,False,5.173333333333333,2.09287680796872,0.017519744366728675,False,False,Normal
Meghalaya,2020-01-31,Monthly,4.76,261687.0,51.53,Urban,Pre-COVID,4.76,8.4,3.6400000000000006,-0.7000000000000011,13.860000000000001,False,5.1433333333333335,2.0907972960890633,-0.18334313615689918,False,False,Normal
Meghalaya,2020-02-29,Monthly,7.37,233965.0,47.26,Urban,Pre-COVID,4.76,8.4,3.6400000000000006,-0.7000000000000011,13.860000000000001,False,4.33,1.1565898149300846,2.628416713304506,False,False,Normal
Meghalaya,2020-03-31,Monthly,2.8,289735.0,55.64,Urban,COVID,4.76,8.4,3.6400000000000006,-0.7000000000000011,13.860000000000001,False,5.78,1.3952419145080195,-2.1358303309364004,False,False,Normal
Meghalaya,2020-04-30,Monthly,17.39,161939.0,36.51,Urban,COVID,4.76,8.4,3.6400000000000006,-0.7000000000000011,13.860000000000001,True,4.976666666666667,2.2926912860944317,5.414306500235048,True,True,Legitimate COVID extreme event
Meghalaya,2020-05-31,Monthly,14.58,222916.0,48.48,Urban,COVID,4.76,8.4,3.6400000000000006,-0.7000000000000011,13.860000000000001,True,9.186666666666667,7.462722916826896,0.7227031464845737,False,True,Legitimate COVID extreme event
Odisha,2019-05-31,Monthly,4.17,11155753.0,40.47,Rural,Pre-COVID,3.8025,4.717499999999999,0.9149999999999991,2.4300000000000015,6.089999999999998,False,,,,False,False,Normal
Odisha,2019-06-30,Monthly,4.71,10965154.0,39.94,Rural,Pre-COVID,3.8025,4.717499999999999,0.9149999999999991,2.4300000000000015,6.089999999999998,False,,,,False,False,Normal
Odisha,2019-07-31,Monthly,3.31,12009883.0,43.05,Rural,Pre-COVID,3.8025,4.717499999999999,0.9149999999999991,2.4300000000000015,6.089999999999998,False,4.4399999999999995,0.38183766184073603,-2.959372824965917,False,False,Normal
Odisha,2019-08-31,Monthly,3.68,11727659.0,42.13,Rural,Pre-COVID,3.8025,4.717499999999999,0.9149999999999991,2.4300000000000015,6.089999999999998,False,4.0633333333333335,0.7060689295906829,-0.54291205471335,False,False,Normal
Odisha,2019-09-30,Monthly,4.31,11167715.0,40.32,Rural,Pre-COVID,3.8025,4.717499999999999,0.9149999999999991,2.4300000000000015,6.089999999999998,False,3.9,0.7254653678846421,0.5651544762164232,False,False,Normal
Odisha,2019-10-31,Monthly,4.28,11621534.0,41.88,Rural,Pre-COVID,3.8025,4.717499999999999,0.9149999999999991,2.4300000000000015,6.089999999999998,False,3.766666666666667,0.5056019514730259,1.015291439911936,False,False,Normal
Odisha,2019-11-30,Monthly,4.72,12192623.0,44.06,Rural,Pre-COVID,3.8025,4.717499999999999,0.9149999999999991,2.4300000000000015,6.089999999999998,False,4.09,0.3553871128783361,1.7727148148325664,False,False,Normal
Odisha,2019-12-31,Monthly,4.67,11345069.0,40.91,Rural,Pre-COVID,3.8025,4.717499999999999,0.9149999999999991,2.4300000000000015,6.089999999999998,False,4.4366666666666665,0.24583192089989578,0.9491579957525049,False,False,Normal
Odisha,2020-01-31,Monthly,1.81,11182128.0,39.09,Rural,Pre-COVID,3.8025,4.717499999999999,0.9149999999999991,2.4300000000000015,6.089999999999998,True,4.5566666666666675,0.24090108620206047,-11.401636704796124,True,True,Noteworthy / unexplained
Odisha,2020-02-29,Monthly,3.31,11842655.0,41.98,Rural,Pre-COVID,3.8025,4.717499999999999,0.9149999999999991,2.4300000000000015,6.089999999999998,False,3.733333333333333,1.6658431298694762,-0.25412556905433364,False,False,Normal
Odisha,2020-03-31,Monthly,15.09,9814156.0,39.55,Rural,COVID,3.8025,4.717499999999999,0.9149999999999991,2.4300000000000015,6.089999999999998,True,3.263333333333333,1.4305709815781018,8.267095319954239,True,True,COVID-period noteworthy anomaly
Odisha,2020-04-30,Monthly,24.48,5562449.0,25.16,Rural,COVID,3.8025,4.717499999999999,0.9149999999999991,2.4300000000000015,6.089999999999998,True,6.736666666666667,7.2729727988858395,2.439625971934264,False,True,Legitimate COVID extreme event
Odisha,2020-05-31,Monthly,9.45,9683719.0,36.48,Rural,COVID,3.8025,4.717499999999999,0.9149999999999991,2.4300000000000015,6.089999999999998,True,14.293333333333331,10.607461210550492,-0.4565968460498362,False,True,Legitimate COVID extreme event
Odisha,2020-06-30,Monthly,4.59,10187145.0,36.36,Rural,COVID,3.8025,4.717499999999999,0.9149999999999991,2.4300000000000015,6.089999999999998,False,16.34,7.592568735283204,-1.5475658383436055,False,False,Normal
Odisha,2019-05-31,Monthly,2.95,2519582.0,41.26,Urban,Pre-COVID,2.2424999999999997,3.915,1.6725000000000003,-0.26625000000000076,6.42375,False,,,,False,False,Normal
Odisha,2019-06-30,Monthly,2.63,2356290.0,38.39,Urban,Pre-COVID,2.2424999999999997,3.915,1.6725000000000003,-0.26625000000000076,6.42375,False,,,,False,False,Normal
Odisha,2019-07-31,Monthly,1.78,2542237.0,40.99,Urban,Pre-COVID,2.2424999999999997,3.915,1.6725000000000003,-0.26625000000000076,6.42375,False,2.79,0.2262741699796954,-4.463611556240077,True,True,Noteworthy / unexplained
Odisha,2019-08-31,Monthly,3.5,2456983.0,40.25,Urban,Pre-COVID,2.2424999999999997,3.915,1.6725000000000003,-0.26625000000000076,6.42375,False,2.4533333333333336,0.604676221901716,1.7309539035202735,False,False,Normal
Odisha,2019-09-30,Monthly,3.78,2570663.0,42.15,Urban,Pre-COVID,2.2424999999999997,3.915,1.6725000000000003,-0.26625000000000076,6.42375,False,2.6366666666666667,0.8600193796266067,1.3294274064262743,False,False,Normal
Odisha,2019-10-31,Monthly,4.5,2456855.0,40.51,Urban,Pre-COVID,2.2424999999999997,3.915,1.6725000000000003,-0.26625000000000076,6.42375,False,3.02,1.0829589096544707,1.366626182033268,False,False,Normal
Odisha,2019-11-30,Monthly,2.23,2594469.0,41.71,Urban,Pre-COVID,2.2424999999999997,3.915,1.6725000000000003,-0.26625000000000076,6.42375,False,3.926666666666667,0.5158811232574176,-3.2888713895043096,True,True,Noteworthy / unexplained
Odisha,2019-12-31,Monthly,3.36,2369048.0,38.46,Urban,Pre-COVID,2.2424999999999997,3.915,1.6725000000000003,-0.26625000000000076,6.42375,False,3.5033333333333334,1.1600143677271133,-0.12356168795924076,False,False,Normal
Odisha,2020-01-31,Monthly,2.28,2561320.0,41.05,Urban,Pre-COVID,2.2424999999999997,3.915,1.6725000000000003,-0.26625000000000076,6.42375,False,3.3633333333333333,1.1350036710660165,-0.9544756206082107,False,False,Normal
Odisha,2020-02-29,Monthly,2.19,2438080.0,38.97,Urban,Pre-COVID,2.2424999999999997,3.915,1.6725000000000003,-0.26625000000000076,6.42375,False,2.6233333333333335,0.6384616929255297,-0.6787146952352514,False,False,Normal
Odisha,2020-03-31,Monthly,3.96,2457952.0,39.93,Urban,COVID,2.2424999999999997,3.915,1.6725000000000003,-0.26625000000000076,6.42375,False,2.61,0.6510760324263212,2.0734905491284112,False,False,Normal
Odisha,2020-04-30,Monthly,20.5,1303244.0,25.53,Urban,COVID,2.2424999999999997,3.915,1.6725000000000003,-0.26625000000000076,6.42375,True,2.81,0.9969453345093703,17.7442026033512,True,True,Legitimate COVID extreme event
Odisha,2020-05-31,Monthly,10.0,1975481.0,34.12,Urban,COVID,2.2424999999999997,3.915,1.6725000000000003,-0.26625000000000076,6.42375,True,8.883333333333333,10.099179834686247,0.11057003488851715,False,True,Legitimate COVID extreme event
Odisha,2020-06-30,Monthly,2.18,2221069.0,35.24,Urban,COVID,2.2424999999999997,3.915,1.6725000000000003,-0.26625000000000076,6.42375,False,11.486666666666665,8.369619664795607,-1.1119581342283062,False,False,Normal
Puducherry,2019-05-31,Monthly,0.0,172474.0,43.08,Rural,Pre-COVID,0.0,2.07,2.07,-3.1049999999999995,5.174999999999999,False,,,,False,False,Normal
Puducherry,2019-06-30,Monthly,0.0,184527.0,45.95,Rural,Pre-COVID,0.0,2.07,2.07,-3.1049999999999995,5.174999999999999,False,,,,False,False,Normal
Puducherry,2019-07-31,Monthly,0.0,139227.0,34.56,Rural,Pre-COVID,0.0,2.07,2.07,-3.1049999999999995,5.174999999999999,False,0.0,0.0,,False,False,Normal
Puducherry,2019-08-31,Monthly,4.85,183930.0,47.83,Rural,Pre-COVID,0.0,2.07,2.07,-3.1049999999999995,5.174999999999999,False,0.0,0.0,,False,False,Normal
Puducherry,2019-09-30,Monthly,0.0,175718.0,43.34,Rural,Pre-COVID,0.0,2.07,2.07,-3.1049999999999995,5.174999999999999,False,1.6166666666666665,2.800148805569685,-0.5773502691896257,False,False,Normal
Puducherry,2019-10-31,Monthly,1.18,180283.0,44.85,Rural,Pre-COVID,0.0,2.07,2.07,-3.1049999999999995,5.174999999999999,False,1.6166666666666665,2.800148805569685,-0.15594409332750714,False,False,Normal
Puducherry,2019-11-30,Monthly,0.0,142787.0,35.0,Rural,Pre-COVID,0.0,2.07,2.07,-3.1049999999999995,5.174999999999999,False,2.01,2.529288437485927,-0.7946899097035799,False,False,Normal
Puducherry,2019-12-31,Monthly,1.99,180808.0,45.07,Rural,Pre-COVID,0.0,2.07,2.07,-3.1049999999999995,5.174999999999999,False,0.3933333333333333,0.6812733176437594,2.343650668998562,False,False,Normal
Puducherry,2020-01-31,Monthly,0.58,176252.0,43.18,Rural,Pre-COVID,0.0,2.07,2.07,-3.1049999999999995,5.174999999999999,False,1.0566666666666666,1.000716410044991,-0.476325422349411,False,False,Normal
Puducherry,2020-02-29,Monthly,1.74,183619.0,45.38,Rural,Pre-COVID,0.0,2.07,2.07,-3.1049999999999995,5.174999999999999,False,0.8566666666666666,1.023441905206805,0.8631006106348947,False,False,Normal
Puducherry,2020-03-31,Monthly,2.31,142176.0,35.23,Rural,COVID,0.0,2.07,2.07,-3.1049999999999995,5.174999999999999,False,1.4366666666666668,0.7523518680333922,1.1608043662019212,False,False,Normal
Puducherry,2020-04-30,Monthly,74.51,49420.0,46.79,Rural,COVID,0.0,2.07,2.07,-3.1049999999999995,5.174999999999999,True,1.5433333333333332,0.8816083786655698,82.76539610151086,True,True,Legitimate COVID extreme event
Puducherry,2019-05-31,Monthly,1.25,283905.0,35.71,Urban,Pre-COVID,0.7575,5.045,4.2875,-5.673749999999999,11.47625,False,,,,False,False,Normal
Puducherry,2019-06-30,Monthly,0.0,304369.0,37.73,Urban,Pre-COVID,0.7575,5.045,4.2875,-5.673749999999999,11.47625,False,,,,False,False,Normal
Puducherry,2019-07-31,Monthly,0.0,281117.0,34.77,Urban,Pre-COVID,0.7575,5.045,4.2875,-5.673749999999999,11.47625,False,0.625,0.8838834764831844,-0.7071067811865475,False,False,Normal
Puducherry,2019-08-31,Monthly,8.95,312882.0,42.41,Urban,Pre-COVID,0.7575,5.045,4.2875,-5.673749999999999,11.47625,False,0.4166666666666667,0.7216878364870322,11.824133513003536,True,True,Noteworthy / unexplained
Puducherry,2019-09-30,Monthly,1.22,286573.0,35.73,Urban,Pre-COVID,0.7575,5.045,4.2875,-5.673749999999999,11.47625,False,2.983333333333333,5.167284909247151,-0.34124948871654964,False,False,Normal
Puducherry,2019-10-31,Monthly,1.17,312548.0,38.86,Urban,Pre-COVID,0.7575,5.045,4.2875,-5.673749999999999,11.47625,False,3.39,4.853586302931061,-0.45739374174913744,False,False,Normal
Puducherry,2019-11-30,Monthly,1.37,275003.0,34.19,Urban,Pre-COVID,0.7575,5.045,4.2875,-5.673749999999999,11.47625,False,3.78,4.477421132750414,-0.5382562704168888,False,False,Normal
Puducherry,2019-12-31,Monthly,5.21,313135.0,40.42,Urban,Pre-COVID,0.7575,5.045,4.2875,-5.673749999999999,11.47625,False,1.2533333333333332,0.10408329997330423,38.01442371332857,True,True,Noteworthy / unexplained
Puducherry,2020-01-31,Monthly,0.57,281698.0,34.59,Urban,Pre-COVID,0.7575,5.045,4.2875,-5.673749999999999,11.47625,False,2.5833333333333335,2.2769570337038276,-0.8842210474469654,False,False,Normal
Puducherry,2020-02-29,Monthly,1.78,310342.0,38.5,Urban,Pre-COVID,0.7575,5.045,4.2875,-5.673749999999999,11.47625,False,2.3833333333333333,2.480430070236477,-0.24323738877904072,False,False,Normal
Puducherry,2020-03-31,Monthly,0.62,278851.0,34.12,Urban,COVID,0.7575,5.045,4.2875,-5.673749999999999,11.47625,False,2.52,2.4068859549218367,-0.7894017562879094,False,False,Normal
Puducherry,2020-04-30,Monthly,76.74,68122.0,35.54,Urban,COVID,0.7575,5.045,4.2875,-5.673749999999999,11.47625,True,0.9900000000000001,0.6846166810705099,110.6458578858355,True,True,Legitimate COVID extreme event
Puducherry,2020-05-31,Monthly,75.0,64538.0,31.25,Urban,COVID,0.7575,5.045,4.2875,-5.673749999999999,11.47625,True,26.38,43.616895808849115,1.1147056455616873,False,True,Legitimate COVID extreme event
Puducherry,2020-06-30,Monthly,4.55,234926.0,29.73,Urban,COVID,0.7575,5.045,4.2875,-5.673749999999999,11.47625,False,50.78666666666667,43.45431777549077,-1.064029284858436,False,False,Normal
Punjab,2019-05-31,Monthly,9.17,6088547.0,44.79,Rural,Pre-COVID,7.45,11.785,4.335,0.9475000000000007,18.2875,False,,,,False,False,Normal
Punjab,2019-06-30,Monthly,12.21,6025235.0,45.79,Rural,Pre-COVID,7.45,11.785,4.335,0.9475000000000007,18.2875,False,,,,False,False,Normal
Punjab,2019-07-31,Monthly,9.64,6308129.0,46.5,Rural,Pre-COVID,7.45,11.785,4.335,0.9475000000000007,18.2875,False,10.690000000000001,2.1496046148071044,-0.48846192121439175,False,False,Normal
Punjab,2019-08-31,Monthly,6.69,6183427.0,44.08,Rural,Pre-COVID,7.45,11.785,4.335,0.9475000000000007,18.2875,False,10.340000000000002,1.6364290390970215,-2.23046640752236,False,False,Normal
Punjab,2019-09-30,Monthly,8.59,6260971.0,45.49,Rural,Pre-COVID,7.45,11.785,4.335,0.9475000000000007,18.2875,False,9.513333333333334,2.7621790914662534,-0.33427714234242456,False,False,Normal
Punjab,2019-10-31,Monthly,12.56,6021921.0,45.66,Rural,Pre-COVID,7.45,11.785,4.335,0.9475000000000007,18.2875,False,8.306666666666667,1.4952703211571285,2.844524681023464,False,False,Normal
Punjab,2019-11-30,Monthly,7.07,6395022.0,45.55,Rural,Pre-COVID,7.45,11.785,4.335,0.9475000000000007,18.2875,False,9.28,2.9952128471946713,-0.7378440574164518,False,False,Normal
Punjab,2019-12-31,Monthly,6.13,6164215.0,43.4,Rural,Pre-COVID,7.45,11.785,4.335,0.9475000000000007,18.2875,False,9.406666666666666,2.8346487142736647,-1.1559339434785174,False,False,Normal
Punjab,2020-01-31,Monthly,9.69,6189471.0,45.22,Rural,Pre-COVID,7.45,11.785,4.335,0.9475000000000007,18.2875,False,8.586666666666666,3.472957433274031,0.3176927314923056,False,False,Normal
Punjab,2020-02-29,Monthly,10.41,6009820.0,44.19,Rural,Pre-COVID,7.45,11.785,4.335,0.9475000000000007,18.2875,False,7.63,1.844884820253018,1.5068691386483062,False,False,Normal
Punjab,2020-03-31,Monthly,10.51,6373692.0,46.85,Rural,COVID,7.45,11.785,4.335,0.9475000000000007,18.2875,False,8.743333333333332,2.291666060605982,0.7709092947859559,False,False,Normal
Punjab,2020-04-30,Monthly,3.69,4721590.0,32.2,Rural,COVID,7.45,11.785,4.335,0.9475000000000007,18.2875,False,10.203333333333333,0.4473626418615432,-14.559403767445522,True,True,Legitimate COVID extreme event
Punjab,2020-05-31,Monthly,40.59,3727366.0,41.14,Rural,COVID,7.45,11.785,4.335,0.9475000000000007,18.2875,True,8.203333333333333,3.9089811119182123,8.285193951928283,True,True,Legitimate COVID extreme event
Punjab,2020-06-30,Monthly,20.0,5364047.0,43.9,Rural,COVID,7.45,11.785,4.335,0.9475000000000007,18.2875,True,18.263333333333335,19.633851719245854,0.08845267304144491,False,True,COVID-period noteworthy anomaly
Punjab,2019-05-31,Monthly,13.49,3289918.0,40.03,Urban,Pre-COVID,10.815000000000001,13.6325,2.817499999999999,6.588750000000003,17.85875,False,,,,False,False,Normal
Punjab,2019-06-30,Monthly,13.17,3307798.0,40.02,Urban,Pre-COVID,10.815000000000001,13.6325,2.817499999999999,6.588750000000003,17.85875,False,,,,False,False,Normal
Punjab,2019-07-31,Monthly,11.61,3592442.0,42.62,Urban,Pre-COVID,10.815000000000001,13.6325,2.817499999999999,6.588750000000003,17.85875,False,13.33,0.2262741699796954,-7.601397897755382,True,True,Noteworthy / unexplained
Punjab,2019-08-31,Monthly,11.99,3499863.0,41.61,Urban,Pre-COVID,10.815000000000001,13.6325,2.817499999999999,6.588750000000003,17.85875,False,12.756666666666666,1.005849558002256,-0.7622080862563209,False,False,Normal
Punjab,2019-09-30,Monthly,15.69,3227178.0,39.97,Urban,Pre-COVID,10.815000000000001,13.6325,2.817499999999999,6.588750000000003,17.85875,False,12.256666666666666,0.8134699338840571,4.220602618882633,True,True,Noteworthy / unexplained
Punjab,2019-10-31,Monthly,13.75,3070438.0,37.1,Urban,Pre-COVID,10.815000000000001,13.6325,2.817499999999999,6.588750000000003,17.85875,False,13.096666666666666,2.25391511227316,0.28986598908528655,False,False,Normal
Punjab,2019-11-30,Monthly,10.39,3602243.0,41.82,Urban,Pre-COVID,10.815000000000001,13.6325,2.817499999999999,6.588750000000003,17.85875,False,13.81,1.8507295858660713,-1.8479198831198074,False,False,Normal
Punjab,2019-12-31,Monthly,11.97,3575778.0,42.17,Urban,Pre-COVID,10.815000000000001,13.6325,2.817499999999999,6.588750000000003,17.85875,False,13.276666666666666,2.6815169835996437,-0.48728636613466736,False,False,Normal
Punjab,2020-01-31,Monthly,13.68,3252622.0,39.04,Urban,Pre-COVID,10.815000000000001,13.6325,2.817499999999999,6.588750000000003,17.85875,False,12.036666666666667,1.680991770751224,0.9775974885343656,False,False,Normal
Punjab,2020-02-29,Monthly,11.99,3219227.0,37.82,Urban,Pre-COVID,10.815000000000001,13.6325,2.817499999999999,6.588750000000003,17.85875,False,12.013333333333334,1.645428009161548,-0.014180707514042665,False,False,Normal
Punjab,2020-03-31,Monthly,9.97,3601793.0,41.29,Urban,COVID,10.815000000000001,13.6325,2.817499999999999,6.588750000000003,17.85875,False,12.546666666666667,0.9815463989712033,-2.6251093879691982,False,False,Normal
Punjab,2020-04-30,Monthly,1.13,2298975.0,23.95,Urban,COVID,10.815000000000001,13.6325,2.817499999999999,6.588750000000003,17.85875,True,11.88,1.8574444810007118,-5.7875215706088605,True,True,Legitimate COVID extreme event
Punjab,2020-05-31,Monthly,20.54,2682658.0,34.71,Urban,COVID,10.815000000000001,13.6325,2.817499999999999,6.588750000000003,17.85875,True,7.696666666666668,5.775892427437802,2.2236102030436635,False,True,Legitimate COVID extreme event
Punjab,2020-06-30,Monthly,10.55,3047750.0,34.96,Urban,COVID,10.815000000000001,13.6325,2.817499999999999,6.588750000000003,17.85875,False,10.546666666666667,9.717840981068445,0.0003430117183258709,False,False,Normal
Rajasthan,2019-05-31,Monthly,4.03,15226005.0,38.52,Rural,Pre-COVID,9.5275,13.82,4.2925,3.088749999999999,20.25875,False,,,,False,False,Normal
Rajasthan,2019-06-30,Monthly,13.7,14610564.0,41.02,Rural,Pre-COVID,9.5275,13.82,4.2925,3.088749999999999,20.25875,False,,,,False,False,Normal
Rajasthan,2019-07-31,Monthly,9.7,14859873.0,39.78,Rural,Pre-COVID,9.5275,13.82,4.2925,3.088749999999999,20.25875,False,8.865,6.837722574073914,0.12211668299705616,False,False,Normal
Rajasthan,2019-08-31,Monthly,12.5,15052051.0,41.48,Rural,Pre-COVID,9.5275,13.82,4.2925,3.088749999999999,20.25875,False,9.143333333333333,4.858974514579525,0.6908179198295588,False,False,Normal
Rajasthan,2019-09-30,Monthly,5.45,15419779.0,39.24,Rural,Pre-COVID,9.5275,13.82,4.2925,3.088749999999999,20.25875,False,11.966666666666667,2.0526405757787547,-3.1747724095312195,True,True,Noteworthy / unexplained
Rajasthan,2019-10-31,Monthly,14.66,15178544.0,42.69,Rural,Pre-COVID,9.5275,13.82,4.2925,3.088749999999999,20.25875,False,9.216666666666667,3.549765250454366,1.533434734208577,False,False,Normal
Rajasthan,2019-11-30,Monthly,10.47,15278556.0,40.87,Rural,Pre-COVID,9.5275,13.82,4.2925,3.088749999999999,20.25875,False,10.87,4.816502880721655,-0.08304780665678055,False,False,Normal
Rajasthan,2019-12-31,Monthly,13.96,15485307.0,43.0,Rural,Pre-COVID,9.5275,13.82,4.2925,3.088749999999999,20.25875,False,10.193333333333333,4.611229048023242,0.8168465776562054,False,False,Normal
Rajasthan,2020-01-31,Monthly,8.0,15484353.0,40.12,Rural,Pre-COVID,9.5275,13.82,4.2925,3.088749999999999,20.25875,False,13.030000000000001,2.244482122896057,-2.241051487418304,False,False,Normal
Rajasthan,2020-02-29,Monthly,14.48,15040572.0,41.83,Rural,Pre-COVID,9.5275,13.82,4.2925,3.088749999999999,20.25875,False,10.81,2.994511646328998,1.2255754638653986,False,False,Normal
Rajasthan,2020-03-31,Monthly,9.47,15059769.0,39.47,Rural,COVID,9.5275,13.82,4.2925,3.088749999999999,20.25875,False,12.146666666666668,3.6005184811820268,-0.7434114505052993,False,False,Normal
Rajasthan,2020-04-30,Monthly,12.25,13051219.0,35.21,Rural,COVID,9.5275,13.82,4.2925,3.088749999999999,20.25875,False,10.65,3.397337192567145,0.4709570788264866,False,False,Normal
Rajasthan,2020-05-31,Monthly,10.45,15586833.0,41.11,Rural,COVID,9.5275,13.82,4.2925,3.088749999999999,20.25875,False,12.066666666666668,2.5100265602844383,-0.6440834898908269,False,False,Normal
Rajasthan,2020-06-30,Monthly,13.86,16076978.0,43.98,Rural,COVID,9.5275,13.82,4.2925,3.088749999999999,20.25875,False,10.723333333333334,1.4100118202814262,2.2245676394688756,False,False,Normal
Rajasthan,2019-05-31,Monthly,13.62,5108436.0,39.44,Urban,Pre-COVID,13.184999999999999,18.415,5.23,5.339999999999998,26.259999999999998,False,,,,False,False,Normal
Rajasthan,2019-06-30,Monthly,14.36,5241174.0,40.73,Urban,Pre-COVID,13.184999999999999,18.415,5.23,5.339999999999998,26.259999999999998,False,,,,False,False,Normal
Rajasthan,2019-07-31,Monthly,11.67,5372470.0,40.38,Urban,Pre-COVID,13.184999999999999,18.415,5.23,5.339999999999998,26.259999999999998,False,13.989999999999998,0.523259018078046,-4.433750627980505,True,True,Noteworthy / unexplained
Rajasthan,2019-08-31,Monthly,14.71,5195170.0,40.34,Urban,Pre-COVID,13.184999999999999,18.415,5.23,5.339999999999998,26.259999999999998,False,13.216666666666667,1.3896162539828507,1.0746372094117456,False,False,Normal
Rajasthan,2019-09-30,Monthly,12.63,5176819.0,39.15,Urban,Pre-COVID,13.184999999999999,18.415,5.23,5.339999999999998,26.259999999999998,False,13.58,1.66334001334664,-0.5711399908480523,False,False,Normal
Rajasthan,2019-10-31,Monthly,13.02,5384335.0,40.8,Urban,Pre-COVID,13.184999999999999,18.415,5.23,5.339999999999998,26.259999999999998,False,13.003333333333336,1.5540055769955692,0.010724972235226067,False,False,Normal
Rajasthan,2019-11-30,Monthly,14.3,5306715.0,40.73,Urban,Pre-COVID,13.184999999999999,18.415,5.23,5.339999999999998,26.259999999999998,False,13.453333333333333,1.1056370712549997,0.7657726831695532,False,False,Normal
Rajasthan,2019-12-31,Monthly,18.04,5109481.0,40.9,Urban,Pre-COVID,13.184999999999999,18.415,5.23,5.339999999999998,26.259999999999998,False,13.316666666666668,0.8736322643614598,5.40654635367162,True,True,Noteworthy / unexplained
Rajasthan,2020-01-31,Monthly,18.82,5157363.0,41.59,Urban,Pre-COVID,13.184999999999999,18.415,5.23,5.339999999999998,26.259999999999998,False,15.12,2.6085244871382764,1.4184264009187606,False,False,Normal
Rajasthan,2020-02-29,Monthly,17.02,5288343.0,41.62,Urban,Pre-COVID,13.184999999999999,18.415,5.23,5.339999999999998,26.259999999999998,False,17.053333333333335,2.4161401725341514,-0.013796109063644913,False,False,Normal
Rajasthan,2020-03-31,Monthly,18.54,4964911.0,39.71,Urban,COVID,13.184999999999999,18.415,5.23,5.339999999999998,26.259999999999998,False,17.959999999999997,0.9026627277117599,0.6425434242425135,False,False,Normal
Rajasthan,2020-04-30,Monthly,35.53,2932923.0,29.57,Urban,COVID,13.184999999999999,18.415,5.23,5.339999999999998,26.259999999999998,True,18.126666666666665,0.9685728332620992,17.96801720601628,True,True,Legitimate COVID extreme event
Rajasthan,2020-05-31,Monthly,25.35,4225486.0,36.71,Urban,COVID,13.184999999999999,18.415,5.23,5.339999999999998,26.259999999999998,False,23.69666666666667,10.276109834627764,0.1608909752756863,False,False,Normal
Rajasthan,2020-06-30,Monthly,13.04,5275784.0,39.26,Urban,COVID,13.184999999999999,18.415,5.23,5.339999999999998,26.259999999999998,False,26.473333333333333,8.550522401194765,-1.5710541067591721,False,False,Normal
Sikkim,2019-10-31,Monthly,5.48,146688.0,44.06,Rural,Pre-COVID,1.0,5.81,4.81,-6.215,13.024999999999999,False,,,,False,False,Normal
Sikkim,2019-11-30,Monthly,13.11,162426.0,53.04,Rural,Pre-COVID,1.0,5.81,4.81,-6.215,13.024999999999999,True,,,,False,True,Noteworthy / unexplained
Sikkim,2019-12-31,Monthly,1.0,161647.0,46.3,Rural,Pre-COVID,1.0,5.81,4.81,-6.215,13.024999999999999,False,9.295,5.395224740453357,-1.5374707077175394,False,False,Normal
Sikkim,2020-04-30,Monthly,0.0,133399.0,37.72,Rural,COVID,1.0,5.81,4.81,-6.215,13.024999999999999,False,6.53,6.122899639876517,-1.0664881647695426,False,False,Normal
Sikkim,2020-06-30,Monthly,5.81,141313.0,42.36,Rural,COVID,1.0,5.81,4.81,-6.215,13.024999999999999,False,4.703333333333333,7.2975361138766095,0.15164935800211904,False,False,Normal
Sikkim,2019-05-31,Monthly,8.2,89587.0,48.61,Urban,Pre-COVID,4.6175,8.57,3.9525000000000006,-1.3112500000000011,14.498750000000001,False,,,,False,False,Normal
Sikkim,2019-06-30,Monthly,7.76,89702.0,48.13,Urban,Pre-COVID,4.6175,8.57,3.9525000000000006,-1.3112500000000011,14.498750000000001,False,,,,False,False,Normal
Sikkim,2019-07-31,Monthly,2.56,108334.0,54.67,Urban,Pre-COVID,4.6175,8.57,3.9525000000000006,-1.3112500000000011,14.498750000000001,False,7.9799999999999995,0.31112698372208053,-17.42053979105042,True,True,Noteworthy / unexplained
Sikkim,2019-08-31,Monthly,4.82,90850.0,46.63,Urban,Pre-COVID,4.6175,8.57,3.9525000000000006,-1.3112500000000011,14.498750000000001,False,6.173333333333333,3.1369624373481635,-0.4314152178619567,False,False,Normal
Sikkim,2019-09-30,Monthly,4.81,89450.0,45.61,Urban,Pre-COVID,4.6175,8.57,3.9525000000000006,-1.3112500000000011,14.498750000000001,False,5.046666666666667,2.607399726419663,-0.09076731283992455,False,False,Normal
Sikkim,2019-10-31,Monthly,9.68,87974.0,46.97,Urban,Pre-COVID,4.6175,8.57,3.9525000000000006,-1.3112500000000011,14.498750000000001,False,4.0633333333333335,1.3019344581557606,4.314093256754942,True,True,Noteworthy / unexplained
Sikkim,2019-11-30,Monthly,4.04,107751.0,53.8,Urban,Pre-COVID,4.6175,8.57,3.9525000000000006,-1.3112500000000011,14.498750000000001,False,6.436666666666667,2.8088135098887097,-0.8532665690438194,False,False,Normal
Sikkim,2019-12-31,Monthly,7.37,88035.0,45.24,Urban,Pre-COVID,4.6175,8.57,3.9525000000000006,-1.3112500000000011,14.498750000000001,False,6.176666666666667,3.0583056311188606,0.39019427005297713,False,False,Normal
Sikkim,2020-03-31,Monthly,20.45,86186.0,50.57,Urban,COVID,4.6175,8.57,3.9525000000000006,-1.3112500000000011,14.498750000000001,True,7.030000000000001,2.8353306685464394,4.733134004041897,True,True,COVID-period noteworthy anomaly
Sikkim,2020-04-30,Monthly,5.77,81905.0,40.31,Urban,COVID,4.6175,8.57,3.9525000000000006,-1.3112500000000011,14.498750000000001,False,10.62,8.674324181168236,-0.5591213676944702,False,False,Normal
Sikkim,2020-05-31,Monthly,19.75,75456.0,43.32,Urban,COVID,4.6175,8.57,3.9525000000000006,-1.3112500000000011,14.498750000000001,True,11.196666666666667,8.053454745221664,1.0620700809684516,False,True,Legitimate COVID extreme event
Sikkim,2020-06-30,Monthly,2.63,76269.0,35.85,Urban,COVID,4.6175,8.57,3.9525000000000006,-1.3112500000000011,14.498750000000001,False,15.323333333333332,8.280829266041739,-1.5328577519870523,False,False,Normal
Tamil Nadu,2019-05-31,Monthly,0.97,15844698.0,49.44,Rural,Pre-COVID,1.25,5.4399999999999995,4.1899999999999995,-5.034999999999999,11.724999999999998,False,,,,False,False,Normal
Tamil Nadu,2019-06-30,Monthly,0.92,16375303.0,50.99,Rural,Pre-COVID,1.25,5.4399999999999995,4.1899999999999995,-5.034999999999999,11.724999999999998,False,,,,False,False,Normal
Tamil Nadu,2019-07-31,Monthly,6.01,16455928.0,53.94,Rural,Pre-COVID,1.25,5.4399999999999995,4.1899999999999995,-5.034999999999999,11.724999999999998,False,0.9450000000000001,0.03535533905932737,143.25983386839454,True,True,Noteworthy / unexplained
Tamil Nadu,2019-08-31,Monthly,2.91,16463931.0,52.17,Rural,Pre-COVID,1.25,5.4399999999999995,4.1899999999999995,-5.034999999999999,11.724999999999998,False,2.6333333333333333,2.9243859754371226,0.09460675471380349,False,False,Normal
Tamil Nadu,2019-09-30,Monthly,1.71,14595441.0,45.62,Rural,Pre-COVID,1.25,5.4399999999999995,4.1899999999999995,-5.034999999999999,11.724999999999998,False,3.28,2.565092590921427,-0.6120636758129764,False,False,Normal
Tamil Nadu,2019-10-31,Monthly,1.46,15595647.0,48.55,Rural,Pre-COVID,1.25,5.4399999999999995,4.1899999999999995,-5.034999999999999,11.724999999999998,False,3.5433333333333334,2.2188585654190156,-0.938921193897688,False,False,Normal
Tamil Nadu,2019-11-30,Monthly,2.46,16223430.0,50.95,Rural,Pre-COVID,1.25,5.4399999999999995,4.1899999999999995,-5.034999999999999,11.724999999999998,False,2.026666666666667,0.7751343969488994,0.5590428382987893,False,False,Normal
Tamil Nadu,2019-12-31,Monthly,3.73,15356938.0,48.8,Rural,Pre-COVID,1.25,5.4399999999999995,4.1899999999999995,-5.034999999999999,11.724999999999998,False,1.876666666666667,0.5204164998665336,3.5612501406251345,True,True,Noteworthy / unexplained
Tamil Nadu,2020-01-31,Monthly,1.18,14954646.0,46.23,Rural,Pre-COVID,1.25,5.4399999999999995,4.1899999999999995,-5.034999999999999,11.724999999999998,False,2.5500000000000003,1.1376730637577743,-1.2042123907503286,False,False,Normal
Tamil Nadu,2020-02-29,Monthly,1.17,15828488.0,48.86,Rural,Pre-COVID,1.25,5.4399999999999995,4.1899999999999995,-5.034999999999999,11.724999999999998,False,2.456666666666667,1.2750032679696683,-1.0091477402372244,False,False,Normal
Tamil Nadu,2020-03-31,Monthly,6.36,15848590.0,51.56,Rural,COVID,1.25,5.4399999999999995,4.1899999999999995,-5.034999999999999,11.724999999999998,False,2.026666666666667,1.475138411584938,2.93757744988652,False,False,Normal
Tamil Nadu,2020-04-30,Monthly,53.19,5086200.0,33.05,Rural,COVID,1.25,5.4399999999999995,4.1899999999999995,-5.034999999999999,11.724999999999998,True,2.9033333333333338,2.9935653213740525,16.798252674701946,True,True,Legitimate COVID extreme event
Tamil Nadu,2020-05-31,Monthly,38.73,5768342.0,28.6,Rural,COVID,1.25,5.4399999999999995,4.1899999999999995,-5.034999999999999,11.724999999999998,True,20.24,28.653287769468967,0.6453011657427218,False,True,Legitimate COVID extreme event
Tamil Nadu,2020-06-30,Monthly,2.06,10169115.0,31.49,Rural,COVID,1.25,5.4399999999999995,4.1899999999999995,-5.034999999999999,11.724999999999998,False,32.76,23.979009570872606,-1.2802864067117854,False,False,Normal
Tamil Nadu,2019-05-31,Monthly,0.89,11798080.0,37.31,Urban,Pre-COVID,1.9075,9.16,7.2525,-8.97125,20.03875,False,,,,False,False,Normal
Tamil Nadu,2019-06-30,Monthly,1.56,12318745.0,39.16,Urban,Pre-COVID,1.9075,9.16,7.2525,-8.97125,20.03875,False,,,,False,False,Normal
Tamil Nadu,2019-07-31,Monthly,3.18,12054414.0,38.89,Urban,Pre-COVID,1.9075,9.16,7.2525,-8.97125,20.03875,False,1.225,0.47376154339498683,4.126548529014031,True,True,Noteworthy / unexplained
Tamil Nadu,2019-08-31,Monthly,9.53,11933093.0,41.13,Urban,Pre-COVID,1.9075,9.16,7.2525,-8.97125,20.03875,False,1.876666666666667,1.1773841061154737,6.5002859250273595,True,True,Noteworthy / unexplained
Tamil Nadu,2019-09-30,Monthly,1.86,11902824.0,37.76,Urban,Pre-COVID,1.9075,9.16,7.2525,-8.97125,20.03875,False,4.756666666666667,4.212437932282603,-0.6876461358558329,False,False,Normal
Tamil Nadu,2019-10-31,Monthly,1.13,12223948.0,38.42,Urban,Pre-COVID,1.9075,9.16,7.2525,-8.97125,20.03875,False,4.8566666666666665,4.100686934323727,-0.9087908261110055,False,False,Normal
Tamil Nadu,2019-11-30,Monthly,2.65,11729952.0,37.38,Urban,Pre-COVID,1.9075,9.16,7.2525,-8.97125,20.03875,False,4.173333333333334,4.653346466075068,-0.3273629729570107,False,False,Normal
Tamil Nadu,2019-12-31,Monthly,8.05,12260389.0,41.29,Urban,Pre-COVID,1.9075,9.16,7.2525,-8.97125,20.03875,False,1.8800000000000006,0.7601973427998826,8.116313557839172,True,True,Noteworthy / unexplained
Tamil Nadu,2020-01-31,Monthly,2.05,11926995.0,37.64,Urban,Pre-COVID,1.9075,9.16,7.2525,-8.97125,20.03875,False,3.943333333333334,3.6367751282328875,-0.520607754555698,False,False,Normal
Tamil Nadu,2020-02-29,Monthly,3.31,11742101.0,37.48,Urban,Pre-COVID,1.9075,9.16,7.2525,-8.97125,20.03875,False,4.250000000000001,3.3045423283716615,-0.2844569403543374,False,False,Normal
Tamil Nadu,2020-03-31,Monthly,6.46,10982178.0,36.17,Urban,COVID,1.9075,9.16,7.2525,-8.97125,20.03875,False,4.470000000000001,3.163731973476894,0.6290039790611652,False,False,Normal
Tamil Nadu,2020-04-30,Monthly,45.55,4632967.0,26.17,Urban,COVID,1.9075,9.16,7.2525,-8.97125,20.03875,True,3.940000000000001,2.271497303542313,18.318313622961735,True,True,Legitimate COVID extreme event
Tamil Nadu,2020-05-31,Monthly,25.95,5733921.0,23.77,Urban,COVID,1.9075,9.16,7.2525,-8.97125,20.03875,True,18.44,23.53071822108284,0.3191572789848487,False,True,Legitimate COVID extreme event
Tamil Nadu,2020-06-30,Monthly,24.93,7741005.0,31.6,Urban,COVID,1.9075,9.16,7.2525,-8.97125,20.03875,True,25.986666666666665,19.545025795156505,-0.054063201437601564,False,True,COVID-period noteworthy anomaly
Telangana,2019-05-31,Monthly,2.23,11053353.0,61.74,Rural,Pre-COVID,2.965,7.085,4.12,-3.215,13.265,False,,,,False,False,Normal
Telangana,2019-06-30,Monthly,5.92,10728822.0,62.19,Rural,Pre-COVID,2.965,7.085,4.12,-3.215,13.265,False,,,,False,False,Normal
Telangana,2019-07-31,Monthly,2.45,11538688.0,64.4,Rural,Pre-COVID,2.965,7.085,4.12,-3.215,13.265,False,4.075,2.6092240225783603,-0.6227905254353061,False,False,Normal
Telangana,2019-08-31,Monthly,1.4,10743959.0,59.23,Rural,Pre-COVID,2.965,7.085,4.12,-3.215,13.265,False,3.5333333333333337,2.0698389631402083,-1.030675995245928,False,False,Normal
Telangana,2019-09-30,Monthly,5.49,12636415.0,72.57,Rural,Pre-COVID,2.965,7.085,4.12,-3.215,13.265,False,3.2566666666666664,2.3655091065843172,0.9441237520992515,False,False,Normal
Telangana,2019-10-31,Monthly,7.29,11375354.0,66.49,Rural,Pre-COVID,2.965,7.085,4.12,-3.215,13.265,False,3.1133333333333333,2.1241547338490516,1.9662723247559197,False,False,Normal
Telangana,2019-11-30,Monthly,6.47,11265828.0,65.17,Rural,Pre-COVID,2.965,7.085,4.12,-3.215,13.265,False,4.726666666666667,3.018283176465279,0.5775910447789582,False,False,Normal
Telangana,2019-12-31,Monthly,1.35,11068056.0,60.61,Rural,Pre-COVID,2.965,7.085,4.12,-3.215,13.265,False,6.416666666666667,0.901184405842298,-5.622230737482716,True,True,Noteworthy / unexplained
Telangana,2020-01-31,Monthly,5.02,12065915.0,68.51,Rural,Pre-COVID,2.965,7.085,4.12,-3.215,13.265,False,5.036666666666666,3.2189646368565987,-0.005177648264860105,False,False,Normal
Telangana,2020-02-29,Monthly,9.02,11304474.0,66.92,Rural,Pre-COVID,2.965,7.085,4.12,-3.215,13.265,False,4.28,2.6389960212171597,1.7961376075943507,False,False,Normal
Telangana,2020-03-31,Monthly,5.63,12028377.0,68.53,Rural,COVID,2.965,7.085,4.12,-3.215,13.265,False,5.13,3.8361829987632237,0.13033789059625123,False,False,Normal
Telangana,2020-04-30,Monthly,4.51,8793799.0,49.44,Rural,COVID,2.965,7.085,4.12,-3.215,13.265,False,6.5566666666666675,2.155001933487146,-0.9497284595725748,False,False,Normal
Telangana,2020-05-31,Monthly,34.01,7508747.0,61.0,Rural,COVID,2.965,7.085,4.12,-3.215,13.265,True,6.386666666666667,2.348283060734659,11.763204272610725,True,True,Legitimate COVID extreme event
Telangana,2020-06-30,Monthly,19.3,8891181.0,58.97,Rural,COVID,2.965,7.085,4.12,-3.215,13.265,True,14.716666666666667,16.717898592028046,0.2741572637316333,False,True,COVID-period noteworthy anomaly
Telangana,2019-05-31,Monthly,1.52,5560649.0,44.59,Urban,Pre-COVID,4.1975,6.74,2.5425000000000004,0.38374999999999915,10.55375,False,,,,False,False,Normal
Telangana,2019-06-30,Monthly,1.43,5683349.0,45.43,Urban,Pre-COVID,4.1975,6.74,2.5425000000000004,0.38374999999999915,10.55375,False,,,,False,False,Normal
Telangana,2019-07-31,Monthly,3.73,5432503.0,44.36,Urban,Pre-COVID,4.1975,6.74,2.5425000000000004,0.38374999999999915,10.55375,False,1.475,0.06363961030678941,35.43390647945914,True,True,Noteworthy / unexplained
Telangana,2019-08-31,Monthly,4.19,5544693.0,45.39,Urban,Pre-COVID,4.1975,6.74,2.5425000000000004,0.38374999999999915,10.55375,False,2.2266666666666666,1.3027023195394,1.5071235414914397,False,False,Normal
Telangana,2019-09-30,Monthly,6.19,5668785.0,47.28,Urban,Pre-COVID,4.1975,6.74,2.5425000000000004,0.38374999999999915,10.55375,False,3.116666666666667,1.4786931166855868,2.078411875090113,False,False,Normal
Telangana,2019-10-31,Monthly,6.74,5318341.0,44.51,Urban,Pre-COVID,4.1975,6.74,2.5425000000000004,0.38374999999999915,10.55375,False,4.703333333333333,1.3078735922608633,1.557235101861772,False,False,Normal
Telangana,2019-11-30,Monthly,5.23,5338119.0,43.87,Urban,Pre-COVID,4.1975,6.74,2.5425000000000004,0.38374999999999915,10.55375,False,5.706666666666667,1.3419513155600453,-0.3552041427581418,False,False,Normal
Telangana,2019-12-31,Monthly,4.22,5317782.0,43.13,Urban,Pre-COVID,4.1975,6.74,2.5425000000000004,0.38374999999999915,10.55375,False,6.053333333333334,0.7642207360006252,-2.3989578494397645,False,False,Normal
Telangana,2020-01-31,Monthly,6.49,5543380.0,45.95,Urban,Pre-COVID,4.1975,6.74,2.5425000000000004,0.38374999999999915,10.55375,False,5.396666666666666,1.2682402506360286,0.8620869214527946,False,False,Normal
Telangana,2020-02-29,Monthly,6.74,5521496.0,45.78,Urban,Pre-COVID,4.1975,6.74,2.5425000000000004,0.38374999999999915,10.55375,False,5.3133333333333335,1.1372921055442777,1.2544417214466657,False,False,Normal
Telangana,2020-03-31,Monthly,6.1,5313236.0,43.65,Urban,COVID,4.1975,6.74,2.5425000000000004,0.38374999999999915,10.55375,False,5.816666666666667,1.3883923556881665,0.20407295687889043,False,False,Normal
Telangana,2020-04-30,Monthly,10.5,3378431.0,29.05,Urban,COVID,4.1975,6.74,2.5425000000000004,0.38374999999999915,10.55375,False,6.4433333333333325,0.32254198693090297,12.577173921656634,True,True,Legitimate COVID extreme event
Telangana,2020-05-31,Monthly,36.57,3108830.0,37.63,Urban,COVID,4.1975,6.74,2.5425000000000004,0.38374999999999915,10.55375,True,7.78,2.3772252732965793,12.110758001523315,True,True,Legitimate COVID extreme event
Telangana,2020-06-30,Monthly,6.92,4577995.0,37.68,Urban,COVID,4.1975,6.74,2.5425000000000004,0.38374999999999915,10.55375,False,17.723333333333333,16.469293650103314,-0.6559682256479508,False,False,Normal
Tripura,2019-05-31,Monthly,29.25,1019549.0,64.47,Rural,Pre-COVID,25.31,29.985,4.675000000000001,18.2975,36.9975,False,,,,False,False,Normal
Tripura,2019-06-30,Monthly,26.64,1107013.0,67.4,Rural,Pre-COVID,25.31,29.985,4.675000000000001,18.2975,36.9975,False,,,,False,False,Normal
Tripura,2019-07-31,Monthly,22.47,1052597.0,60.54,Rural,Pre-COVID,25.31,29.985,4.675000000000001,18.2975,36.9975,False,27.945,1.8455486988968888,-2.966597415322873,False,False,Normal
Tripura,2019-08-31,Monthly,25.49,975501.0,58.29,Rural,Pre-COVID,25.31,29.985,4.675000000000001,18.2975,36.9975,False,26.12,3.419780694722983,-0.1842223394535641,False,False,Normal
Tripura,2019-09-30,Monthly,30.23,1034408.0,65.9,Rural,Pre-COVID,25.31,29.985,4.675000000000001,18.2975,36.9975,False,24.866666666666664,2.153748669955095,2.490231756449633,False,False,Normal
Tripura,2019-10-31,Monthly,27.54,1113764.0,68.21,Rural,Pre-COVID,25.31,29.985,4.675000000000001,18.2975,36.9975,False,26.063333333333333,3.9116407469671017,0.37750569701770365,False,False,Normal
Tripura,2019-11-30,Monthly,25.25,1084633.0,64.29,Rural,Pre-COVID,25.31,29.985,4.675000000000001,18.2975,36.9975,False,27.75333333333333,2.3771902181637348,-1.0530639551710064,False,False,Normal
Tripura,2019-12-31,Monthly,26.53,1046878.0,63.02,Rural,Pre-COVID,25.31,29.985,4.675000000000001,18.2975,36.9975,False,27.673333333333336,2.4926759382906845,-0.4586770850435369,False,False,Normal
Tripura,2020-01-31,Monthly,31.91,1057975.0,68.61,Rural,Pre-COVID,25.31,29.985,4.675000000000001,18.2975,36.9975,False,26.439999999999998,1.147649772360896,4.766262436272132,True,True,Noteworthy / unexplained
Tripura,2020-02-29,Monthly,26.22,1169347.0,69.88,Rural,Pre-COVID,25.31,29.985,4.675000000000001,18.2975,36.9975,False,27.896666666666665,3.534081681757419,-0.4744278196289163,False,False,Normal
Tripura,2020-03-31,Monthly,31.61,1060946.0,68.28,Rural,COVID,25.31,29.985,4.675000000000001,18.2975,36.9975,False,28.22,3.199390566967405,1.0595767940934038,False,False,Normal
Tripura,2020-04-30,Monthly,43.64,675083.0,52.63,Rural,COVID,25.31,29.985,4.675000000000001,18.2975,36.9975,True,29.91333333333333,3.2020358107512368,4.286856074681509,True,True,Legitimate COVID extreme event
Tripura,2020-05-31,Monthly,14.71,911789.0,46.9,Rural,COVID,25.31,29.985,4.675000000000001,18.2975,36.9975,True,33.82333333333333,8.918421011217921,-2.1431297434032177,False,True,Legitimate COVID extreme event
Tripura,2020-06-30,Monthly,18.84,1106978.0,59.74,Rural,COVID,25.31,29.985,4.675000000000001,18.2975,36.9975,False,29.986666666666668,14.533156344488052,-0.7669818174696945,False,False,Normal
Tripura,2019-05-31,Monthly,34.69,423127.0,69.5,Urban,Pre-COVID,26.025,33.8025,7.777500000000003,14.358749999999993,45.46875000000001,False,,,,False,False,Normal
Tripura,2019-06-30,Monthly,25.59,408738.0,58.8,Urban,Pre-COVID,26.025,33.8025,7.777500000000003,14.358749999999993,45.46875000000001,False,,,,False,False,Normal
Tripura,2019-07-31,Monthly,25.81,410583.0,59.1,Urban,Pre-COVID,26.025,33.8025,7.777500000000003,14.358749999999993,45.46875000000001,False,30.14,6.434671708797582,-0.6729170027555499,False,False,Normal
Tripura,2019-08-31,Monthly,33.45,368977.0,59.07,Urban,Pre-COVID,26.025,33.8025,7.777500000000003,14.358749999999993,45.46875000000001,False,28.69666666666667,5.191544407335194,0.9155913848328626,False,False,Normal
Tripura,2019-09-30,Monthly,33.57,418043.0,66.9,Urban,Pre-COVID,26.025,33.8025,7.777500000000003,14.358749999999993,45.46875000000001,False,28.28333333333333,4.47581649906845,1.1811625136479524,False,False,Normal
Tripura,2019-10-31,Monthly,26.67,414808.0,60.0,Urban,Pre-COVID,26.025,33.8025,7.777500000000003,14.358749999999993,45.46875000000001,False,30.94333333333333,4.446001949317313,-0.9611631713273324,False,False,Normal
Tripura,2019-11-30,Monthly,27.15,427700.0,62.14,Urban,Pre-COVID,26.025,33.8025,7.777500000000003,14.358749999999993,45.46875000000001,False,31.230000000000004,3.949531617799761,-1.0330338872620362,False,False,Normal
Tripura,2019-12-31,Monthly,33.48,399427.0,63.41,Urban,Pre-COVID,26.025,33.8025,7.777500000000003,14.358749999999993,45.46875000000001,False,29.13,3.8526354616028766,1.129097222759351,False,False,Normal
Tripura,2020-01-31,Monthly,34.37,450155.0,72.26,Urban,Pre-COVID,26.025,33.8025,7.777500000000003,14.358749999999993,45.46875000000001,False,29.099999999999998,3.800776236507484,1.3865588690489652,False,False,Normal
Tripura,2020-02-29,Monthly,33.88,415339.0,66.04,Urban,Pre-COVID,26.025,33.8025,7.777500000000003,14.358749999999993,45.46875000000001,False,31.666666666666668,3.9367795637212555,0.562219270220244,False,False,Normal
Tripura,2020-03-31,Monthly,25.69,450271.0,63.56,Urban,COVID,26.025,33.8025,7.777500000000003,14.358749999999993,45.46875000000001,False,33.91,0.44575778176041103,-18.44050813322231,True,True,COVID-period noteworthy anomaly
Tripura,2020-04-30,Monthly,34.88,296431.0,47.65,Urban,COVID,26.025,33.8025,7.777500000000003,14.358749999999993,45.46875000000001,False,31.313333333333333,4.8761084209985865,0.7314576212676268,False,False,Normal
Tripura,2020-05-31,Monthly,16.78,384999.0,48.31,Urban,COVID,26.025,33.8025,7.777500000000003,14.358749999999993,45.46875000000001,False,31.483333333333338,5.042026708907177,-2.9161553839765713,False,False,Normal
Tripura,2020-06-30,Monthly,27.47,391015.0,56.17,Urban,COVID,26.025,33.8025,7.777500000000003,14.358749999999993,45.46875000000001,False,25.783333333333335,9.050360950444654,0.18636457439675885,False,False,Normal
Uttar Pradesh,2019-05-31,Monthly,10.26,43287808.0,39.96,Rural,Pre-COVID,8.1975,10.912500000000001,2.7150000000000016,4.124999999999997,14.985000000000003,False,,,,False,False,Normal
Uttar Pradesh,2019-06-30,Monthly,11.13,42276572.0,39.32,Rural,Pre-COVID,8.1975,10.912500000000001,2.7150000000000016,4.124999999999997,14.985000000000003,False,,,,False,False,Normal
Uttar Pradesh,2019-07-31,Monthly,9.19,42697000.0,38.78,Rural,Pre-COVID,8.1975,10.912500000000001,2.7150000000000016,4.124999999999997,14.985000000000003,False,10.695,0.615182899632297,-2.4464269096224216,False,False,Normal
Uttar Pradesh,2019-08-31,Monthly,11.47,43298746.0,40.24,Rural,Pre-COVID,8.1975,10.912500000000001,2.7150000000000016,4.124999999999997,14.985000000000003,False,10.193333333333333,0.9717166939665771,1.3138260097758279,False,False,Normal
Uttar Pradesh,2019-09-30,Monthly,6.45,44198762.0,38.79,Rural,Pre-COVID,8.1975,10.912500000000001,2.7150000000000016,4.124999999999997,14.985000000000003,False,10.596666666666668,1.230013550060866,-3.3712365741511334,True,True,Noteworthy / unexplained
Uttar Pradesh,2019-10-31,Monthly,10.18,42833265.0,39.07,Rural,Pre-COVID,8.1975,10.912500000000001,2.7150000000000016,4.124999999999997,14.985000000000003,False,9.036666666666667,2.5135101617724445,0.4548751585420652,False,False,Normal
Uttar Pradesh,2019-11-30,Monthly,6.94,43261530.0,38.01,Rural,Pre-COVID,8.1975,10.912500000000001,2.7150000000000016,4.124999999999997,14.985000000000003,False,9.366666666666667,2.6069586366748014,-0.9308420289176131,False,False,Normal
Uttar Pradesh,2019-12-31,Monthly,8.43,44640087.0,39.77,Rural,Pre-COVID,8.1975,10.912500000000001,2.7150000000000016,4.124999999999997,14.985000000000003,False,7.8566666666666665,2.0269270666043577,0.28285839326908746,False,False,Normal
Uttar Pradesh,2020-01-31,Monthly,6.06,45777509.0,39.67,Rural,Pre-COVID,8.1975,10.912500000000001,2.7150000000000016,4.124999999999997,14.985000000000003,False,8.516666666666667,1.6217377510970576,-1.5148359622292848,False,False,Normal
Uttar Pradesh,2020-02-29,Monthly,8.12,44257432.0,39.13,Rural,Pre-COVID,8.1975,10.912500000000001,2.7150000000000016,4.124999999999997,14.985000000000003,False,7.1433333333333335,1.198012242564054,0.8152393038791891,False,False,Normal
Uttar Pradesh,2020-03-31,Monthly,9.37,43086706.0,38.53,Rural,COVID,8.1975,10.912500000000001,2.7150000000000016,4.124999999999997,14.985000000000003,False,7.536666666666666,1.288189944586337,1.423185564394428,False,False,Normal
Uttar Pradesh,2020-04-30,Monthly,19.92,39970677.0,40.37,Rural,COVID,8.1975,10.912500000000001,2.7150000000000016,4.124999999999997,14.985000000000003,True,7.849999999999999,1.6714365079176692,7.221333232117329,True,True,Legitimate COVID extreme event
Uttar Pradesh,2020-05-31,Monthly,16.89,38640999.0,37.52,Rural,COVID,8.1975,10.912500000000001,2.7150000000000016,4.124999999999997,14.985000000000003,True,12.469999999999999,6.482090712108246,0.6818787635513409,False,True,Legitimate COVID extreme event
Uttar Pradesh,2020-06-30,Monthly,8.51,41908909.0,36.89,Rural,COVID,8.1975,10.912500000000001,2.7150000000000016,4.124999999999997,14.985000000000003,False,15.393333333333333,5.431908811212986,-1.2672034035483437,False,False,Normal
Uttar Pradesh,2019-05-31,Monthly,14.4,13391244.0,40.43,Urban,Pre-COVID,11.6875,14.195,2.5075000000000003,7.92625,17.95625,False,,,,False,False,Normal
Uttar Pradesh,2019-06-30,Monthly,11.62,13624452.0,39.75,Urban,Pre-COVID,11.6875,14.195,2.5075000000000003,7.92625,17.95625,False,,,,False,False,Normal
Uttar Pradesh,2019-07-31,Monthly,11.8,13862431.0,40.43,Urban,Pre-COVID,11.6875,14.195,2.5075000000000003,7.92625,17.95625,False,13.01,1.9657568516986028,-0.6155389965724616,False,False,Normal
Uttar Pradesh,2019-08-31,Monthly,14.73,13580241.0,40.87,Urban,Pre-COVID,11.6875,14.195,2.5075000000000003,7.92625,17.95625,False,12.606666666666667,1.555677772976568,1.364892762638523,False,False,Normal
Uttar Pradesh,2019-09-30,Monthly,13.58,13522970.0,40.07,Urban,Pre-COVID,11.6875,14.195,2.5075000000000003,7.92625,17.95625,False,12.716666666666669,1.7459190511972011,0.4944864612946011,False,False,Normal
Uttar Pradesh,2019-10-31,Monthly,10.35,13938303.0,39.71,Urban,Pre-COVID,11.6875,14.195,2.5075000000000003,7.92625,17.95625,False,13.37,1.4762452370795307,-2.0457305630157308,False,False,Normal
Uttar Pradesh,2019-11-30,Monthly,11.31,14128888.0,40.6,Urban,Pre-COVID,11.6875,14.195,2.5075000000000003,7.92625,17.95625,False,12.886666666666665,2.27082217122639,-0.6943153394592598,False,False,Normal
Uttar Pradesh,2019-12-31,Monthly,12.37,13857200.0,40.21,Urban,Pre-COVID,11.6875,14.195,2.5075000000000003,7.92625,17.95625,False,11.746666666666668,1.6586842174848515,0.37579988207672455,False,False,Normal
Uttar Pradesh,2020-01-31,Monthly,12.34,13656250.0,39.52,Urban,Pre-COVID,11.6875,14.195,2.5075000000000003,7.92625,17.95625,False,11.343333333333334,1.0104124570359039,0.9863958621318252,False,False,Normal
Uttar Pradesh,2020-02-29,Monthly,11.65,13803099.0,39.54,Urban,Pre-COVID,11.6875,14.195,2.5075000000000003,7.92625,17.95625,False,12.006666666666666,0.6035174672976205,-0.5909798572421068,False,False,Normal
Uttar Pradesh,2020-03-31,Monthly,12.32,13889632.0,40.0,Urban,COVID,11.6875,14.195,2.5075000000000003,7.92625,17.95625,False,12.12,0.40730823708832786,0.4910286161402367,False,False,Normal
Uttar Pradesh,2020-04-30,Monthly,26.94,10944379.0,37.74,Urban,COVID,11.6875,14.195,2.5075000000000003,7.92625,17.95625,True,12.103333333333333,0.3927255190757726,37.77871807664242,True,True,Legitimate COVID extreme event
Uttar Pradesh,2020-05-31,Monthly,32.06,11111486.0,41.1,Urban,COVID,11.6875,14.195,2.5075000000000003,7.92625,17.95625,True,16.97,8.640769641646514,1.7463722128720673,False,True,Legitimate COVID extreme event
Uttar Pradesh,2020-06-30,Monthly,13.05,13208724.0,38.09,Urban,COVID,11.6875,14.195,2.5075000000000003,7.92625,17.95625,False,23.77333333333333,10.243912013158518,-1.0468006089430468,False,False,Normal
Uttarakhand,2019-05-31,Monthly,1.63,2108044.0,37.47,Rural,Pre-COVID,3.66,5.56,1.8999999999999995,0.8100000000000009,8.409999999999998,False,,,,False,False,Normal
Uttarakhand,2019-06-30,Monthly,4.65,2021553.0,37.01,Rural,Pre-COVID,3.66,5.56,1.8999999999999995,0.8100000000000009,8.409999999999998,False,,,,False,False,Normal
Uttarakhand,2019-07-31,Monthly,5.74,2000524.0,36.97,Rural,Pre-COVID,3.66,5.56,1.8999999999999995,0.8100000000000009,8.409999999999998,False,3.14,2.135462479183374,1.2175348550231944,False,False,Normal
Uttarakhand,2019-08-31,Monthly,6.11,1911380.0,35.39,Rural,Pre-COVID,3.66,5.56,1.8999999999999995,0.8100000000000009,8.409999999999998,False,4.006666666666667,2.1291860729709216,0.987857923755102,False,False,Normal
Uttarakhand,2019-09-30,Monthly,3.47,2157845.0,38.79,Rural,Pre-COVID,3.66,5.56,1.8999999999999995,0.8100000000000009,8.409999999999998,False,5.5,0.7590125163658374,-2.6745277004385493,False,False,Normal
Uttarakhand,2019-10-31,Monthly,4.83,2027662.0,36.9,Rural,Pre-COVID,3.66,5.56,1.8999999999999995,0.8100000000000009,8.409999999999998,False,5.1066666666666665,1.429417130628192,-0.1935520854889143,False,False,Normal
Uttarakhand,2019-11-30,Monthly,5.56,2007113.0,36.73,Rural,Pre-COVID,3.66,5.56,1.8999999999999995,0.8100000000000009,8.409999999999998,False,4.803333333333334,1.3202020047452334,0.5731446126781818,False,False,Normal
Uttarakhand,2019-12-31,Monthly,4.52,1947566.0,35.19,Rural,Pre-COVID,3.66,5.56,1.8999999999999995,0.8100000000000009,8.409999999999998,False,4.62,1.0607073111843808,-0.09427671417512999,False,False,Normal
Uttarakhand,2020-01-31,Monthly,4.17,1986386.0,35.69,Rural,Pre-COVID,3.66,5.56,1.8999999999999995,0.8100000000000009,8.409999999999998,False,4.97,0.5339475629684998,-1.4982744664145902,False,False,Normal
Uttarakhand,2020-02-29,Monthly,4.85,2057523.0,37.16,Rural,Pre-COVID,3.66,5.56,1.8999999999999995,0.8100000000000009,8.409999999999998,False,4.75,0.7229799443967996,0.13831642326320984,False,False,Normal
Uttarakhand,2020-04-30,Monthly,3.66,1972074.0,35.04,Rural,COVID,3.66,5.56,1.8999999999999995,0.8100000000000009,8.409999999999998,False,4.513333333333333,0.3400490160746423,-2.509442148028513,False,False,Normal
Uttarakhand,2020-05-31,Monthly,3.57,1915482.0,33.94,Rural,COVID,3.66,5.56,1.8999999999999995,0.8100000000000009,8.409999999999998,False,4.226666666666667,0.5970203793283209,-1.0999066186073096,False,False,Normal
Uttarakhand,2020-06-30,Monthly,10.71,1675441.0,32.0,Rural,COVID,3.66,5.56,1.8999999999999995,0.8100000000000009,8.409999999999998,True,4.026666666666666,0.7144461724534131,9.354565243708594,True,True,COVID-period noteworthy anomaly
Uttarakhand,2019-05-31,Monthly,9.17,676797.0,26.33,Urban,Pre-COVID,5.545,9.1075,3.5625,0.20124999999999993,14.45125,False,,,,False,False,Normal
Uttarakhand,2019-06-30,Monthly,4.69,906889.0,33.54,Urban,Pre-COVID,5.545,9.1075,3.5625,0.20124999999999993,14.45125,False,,,,False,False,Normal
Uttarakhand,2019-07-31,Monthly,6.94,859900.0,32.48,Urban,Pre-COVID,5.545,9.1075,3.5625,0.20124999999999993,14.45125,False,6.93,3.1678383797157323,0.003156726701725872,False,False,Normal
Uttarakhand,2019-08-31,Monthly,7.43,823967.0,31.21,Urban,Pre-COVID,5.545,9.1075,3.5625,0.20124999999999993,14.45125,False,6.933333333333334,2.240007440463833,0.22172545398502008,False,False,Normal
Uttarakhand,2019-09-30,Monthly,9.62,711150.0,27.51,Urban,Pre-COVID,5.545,9.1075,3.5625,0.20124999999999993,14.45125,False,6.353333333333334,1.461175326007571,2.235643189782236,False,False,Normal
Uttarakhand,2019-10-31,Monthly,4.72,925174.0,33.87,Urban,Pre-COVID,5.545,9.1075,3.5625,0.20124999999999993,14.45125,False,7.996666666666666,1.4270365564109873,-2.296133656805204,False,False,Normal
Uttarakhand,2019-11-30,Monthly,6.34,904903.0,33.61,Urban,Pre-COVID,5.545,9.1075,3.5625,0.20124999999999993,14.45125,False,7.256666666666665,2.454594331724355,-0.3734493536545837,False,False,Normal
Uttarakhand,2019-12-31,Monthly,7.39,844779.0,31.65,Urban,Pre-COVID,5.545,9.1075,3.5625,0.20124999999999993,14.45125,False,6.8933333333333335,2.4964241092677604,0.1989512378216641,False,False,Normal
Uttarakhand,2020-01-31,Monthly,8.92,725253.0,27.55,Urban,Pre-COVID,5.545,9.1075,3.5625,0.20124999999999993,14.45125,False,6.1499999999999995,1.34510222659841,2.0593230352498733,False,False,Normal
Uttarakhand,2020-02-29,Monthly,5.28,963408.0,35.11,Urban,Pre-COVID,5.545,9.1075,3.5625,0.20124999999999993,14.45125,False,7.55,1.2974205177967548,-1.7496254829196423,False,False,Normal
Uttarakhand,2020-03-31,Monthly,8.15,889245.0,33.33,Urban,COVID,5.545,9.1075,3.5625,0.20124999999999993,14.45125,False,7.196666666666666,1.8276852391299032,0.5216069555757766,False,False,Normal
Uttarakhand,2020-04-30,Monthly,13.18,748041.0,29.59,Urban,COVID,5.545,9.1075,3.5625,0.20124999999999993,14.45125,False,7.45,1.9183065448462606,2.9870095660124125,False,False,Normal
Uttarakhand,2020-05-31,Monthly,17.36,778590.0,32.27,Urban,COVID,5.545,9.1075,3.5625,0.20124999999999993,14.45125,True,8.87,3.998912352127763,2.1230772901242996,False,True,Legitimate COVID extreme event
Uttarakhand,2020-06-30,Monthly,5.08,989470.0,35.61,Urban,COVID,5.545,9.1075,3.5625,0.20124999999999993,14.45125,False,12.896666666666667,4.611532644721637,-1.6950257688436028,False,False,Normal
West Bengal,2019-05-31,Monthly,6.02,23452875.0,46.41,Rural,Pre-COVID,5.59,6.7875,1.1974999999999998,3.79375,8.583749999999998,False,,,,False,False,Normal
West Bengal,2019-06-30,Monthly,5.85,25543465.0,50.36,Rural,Pre-COVID,5.59,6.7875,1.1974999999999998,3.79375,8.583749999999998,False,,,,False,False,Normal
West Bengal,2019-07-31,Monthly,5.62,24857807.0,48.78,Rural,Pre-COVID,5.59,6.7875,1.1974999999999998,3.79375,8.583749999999998,False,5.935,0.12020815280171303,-2.6204545420442615,False,False,Normal
West Bengal,2019-08-31,Monthly,5.58,24924827.0,48.79,Rural,Pre-COVID,5.59,6.7875,1.1974999999999998,3.79375,8.583749999999998,False,5.829999999999999,0.20074859899884717,-1.245338703466791,False,False,Normal
West Bengal,2019-09-30,Monthly,5.26,25610773.0,49.87,Rural,Pre-COVID,5.59,6.7875,1.1974999999999998,3.79375,8.583749999999998,False,5.683333333333334,0.14571661996262966,-2.905182219035148,False,False,Normal
West Bengal,2019-10-31,Monthly,6.78,24353018.0,48.09,Rural,Pre-COVID,5.59,6.7875,1.1974999999999998,3.79375,8.583749999999998,False,5.486666666666667,0.19731531449265108,6.554652570474973,True,True,Noteworthy / unexplained
West Bengal,2019-11-30,Monthly,5.83,25630359.0,50.0,Rural,Pre-COVID,5.59,6.7875,1.1974999999999998,3.79375,8.583749999999998,False,5.873333333333332,0.8013322240702251,-0.05407661395822587,False,False,Normal
West Bengal,2019-12-31,Monthly,5.79,24906239.0,48.47,Rural,Pre-COVID,5.59,6.7875,1.1974999999999998,3.79375,8.583749999999998,False,5.956666666666667,0.7678758580222023,-0.21704897337955895,False,False,Normal
West Bengal,2020-01-31,Monthly,6.79,24612171.0,48.3,Rural,Pre-COVID,5.59,6.7875,1.1974999999999998,3.79375,8.583749999999998,False,6.133333333333333,0.5603867711976547,1.1718097221732122,False,False,Normal
West Bengal,2020-02-29,Monthly,3.78,26093009.0,49.51,Rural,Pre-COVID,5.59,6.7875,1.1974999999999998,3.79375,8.583749999999998,True,6.136666666666667,0.5661566332149895,-4.162570088217544,True,True,Noteworthy / unexplained
West Bengal,2020-03-31,Monthly,7.02,25097812.0,49.18,Rural,COVID,5.59,6.7875,1.1974999999999998,3.79375,8.583749999999998,False,5.453333333333333,1.5329818437715876,1.021973399771131,False,False,Normal
West Bengal,2020-04-30,Monthly,18.32,17639370.0,39.27,Rural,COVID,5.59,6.7875,1.1974999999999998,3.79375,8.583749999999998,True,5.863333333333333,1.8078808957819468,6.89020316312314,True,True,Legitimate COVID extreme event
West Bengal,2020-05-31,Monthly,18.43,19115772.0,42.53,Rural,COVID,5.59,6.7875,1.1974999999999998,3.79375,8.583749999999998,True,9.706666666666665,7.63325181906986,1.1428069635460165,False,True,Legitimate COVID extreme event
West Bengal,2020-06-30,Monthly,4.94,21225887.0,40.44,Rural,COVID,5.59,6.7875,1.1974999999999998,3.79375,8.583749999999998,False,14.589999999999998,6.556043013891838,-1.4719244488714096,False,False,Normal
West Bengal,2019-05-31,Monthly,7.25,11306177.0,46.37,Urban,Pre-COVID,7.255,7.890000000000001,0.6350000000000007,6.302499999999998,8.842500000000001,False,,,,False,False,Normal
West Bengal,2019-06-30,Monthly,7.38,10611498.0,43.51,Urban,Pre-COVID,7.255,7.890000000000001,0.6350000000000007,6.302499999999998,8.842500000000001,False,,,,False,False,Normal
West Bengal,2019-07-31,Monthly,7.91,10779829.0,44.38,Urban,Pre-COVID,7.255,7.890000000000001,0.6350000000000007,6.302499999999998,8.842500000000001,False,7.3149999999999995,0.09192388155425142,6.472746689323002,True,True,Noteworthy / unexplained
West Bengal,2019-08-31,Monthly,7.27,11456493.0,46.77,Urban,Pre-COVID,7.255,7.890000000000001,0.6350000000000007,6.302499999999998,8.842500000000001,False,7.513333333333333,0.34961884007206145,-0.6959960546839487,False,False,Normal
West Bengal,2019-09-30,Monthly,7.79,11158649.0,45.74,Urban,Pre-COVID,7.255,7.890000000000001,0.6350000000000007,6.302499999999998,8.842500000000001,False,7.52,0.34219877264537424,0.7890151034521843,False,False,Normal
West Bengal,2019-10-31,Monthly,7.83,10563686.0,43.25,Urban,Pre-COVID,7.255,7.890000000000001,0.6350000000000007,6.302499999999998,8.842500000000001,False,7.656666666666666,0.34019602192461623,0.5095101710852532,False,False,Normal
West Bengal,2019-11-30,Monthly,6.61,10768462.0,43.44,Urban,Pre-COVID,7.255,7.890000000000001,0.6350000000000007,6.302499999999998,8.842500000000001,False,7.63,0.31240998703626705,-3.264940438288837,True,True,Noteworthy / unexplained
West Bengal,2019-12-31,Monthly,7.24,11335696.0,45.97,Urban,Pre-COVID,7.255,7.890000000000001,0.6350000000000007,6.302499999999998,8.842500000000001,False,7.41,0.6931089380465384,-0.2452716891505234,False,False,Normal
West Bengal,2020-01-31,Monthly,7.27,11208617.0,45.39,Urban,Pre-COVID,7.255,7.890000000000001,0.6350000000000007,6.302499999999998,8.842500000000001,False,7.226666666666667,0.6101092798288957,0.07102552733747268,False,False,Normal
West Bengal,2020-02-29,Monthly,7.55,10871168.0,44.09,Urban,Pre-COVID,7.255,7.890000000000001,0.6350000000000007,6.302499999999998,8.842500000000001,False,7.04,0.37269290307168546,1.3684188665698955,False,False,Normal
West Bengal,2020-03-31,Monthly,6.67,10806105.0,43.34,Urban,COVID,7.255,7.890000000000001,0.6350000000000007,6.302499999999998,8.842500000000001,False,7.353333333333334,0.17097758137643132,-3.996625334340644,True,True,COVID-period noteworthy anomaly
West Bengal,2020-04-30,Monthly,15.63,9299466.0,41.2,Urban,COVID,7.255,7.890000000000001,0.6350000000000007,6.302499999999998,8.842500000000001,True,7.163333333333333,0.4495924080023307,18.831871971073802,True,True,Legitimate COVID extreme event
West Bengal,2020-05-31,Monthly,15.22,9240903.0,40.67,Urban,COVID,7.255,7.890000000000001,0.6350000000000007,6.302499999999998,8.842500000000001,True,9.950000000000001,4.9386637868962096,1.0670902550570311,False,True,Legitimate COVID extreme event
West Bengal,2020-06-30,Monthly,9.86,9088931.0,37.57,Urban,COVID,7.255,7.890000000000001,0.6350000000000007,6.302499999999998,8.842500000000001,True,12.506666666666668,5.05885691963445,-0.5231748414141578,False,True,COVID-period noteworthy anomaly
